Date,AAPL,NVDA,SPY,TSLA
2020-01-02,72.3338851928711,5.970754146575928,296.8880920410156,28.68400001525879
2020-01-03,71.63064575195312,5.875185966491699,294.6401062011719,29.534000396728516
2020-01-06,72.20140075683594,5.899824619293213,295.76422119140625,30.1026668548584
2020-01-07,71.86185455322266,5.97125244140625,294.9325256347656,31.270666122436523
2020-01-08,73.0178451538086,5.98245096206665,296.5044250488281,32.80933380126953
2020-01-09,74.56880950927734,6.048153877258301,298.5148620605469,32.089332580566406
2020-01-10,74.73737335205078,6.080508232116699,297.65582275390625,31.876667022705078
2020-01-13,76.33409881591797,6.271146774291992,299.70294189453125,34.990665435791016
2020-01-14,75.30332946777344,6.1541748046875,299.2460021972656,35.861331939697266
2020-01-15,74.98060607910156,6.111617088317871,299.9221496582031,34.56666564941406
2020-01-16,75.91986083984375,6.195239543914795,302.4170837402344,34.232666015625
2020-01-17,76.76034545898438,6.203949928283691,303.35833740234375,34.03333282470703
2020-01-21,76.24015045166016,6.170599937438965,302.7643127441406,36.47999954223633
2020-01-22,76.51231384277344,6.224606037139893,302.8009338378906,37.97066879272461
2020-01-23,76.88078308105469,6.293045520782471,303.1481628417969,38.14666748046875
2020-01-24,76.65919494628906,6.233814716339111,300.4522705078125,37.654666900634766
2020-01-27,74.40501403808594,5.977972507476807,295.6361999511719,37.201332092285156
2020-01-28,76.5098876953125,6.1713480949401855,298.7342224121094,37.793331146240234
2020-01-29,78.11145782470703,6.110870838165283,298.4874572753906,38.732666015625
2020-01-30,77.99822998046875,6.117590427398682,299.4561462402344,42.72066879272461
2020-01-31,74.53990173339844,5.884145736694336,294.0187072753906,43.371334075927734
2020-02-03,74.33517456054688,5.981205463409424,296.20281982421875,52.0
2020-02-04,76.78927612304688,6.1504411697387695,300.7173156738281,59.137332916259766
2020-02-05,77.41545867919922,6.240784168243408,304.1899719238281,48.97999954223633
2020-02-06,78.32096862792969,6.327640056610107,305.2134704589844,49.930667877197266
2020-02-07,77.25636291503906,6.261441230773926,303.5867919921875,49.871334075927734
2020-02-10,77.62328338623047,6.5446600914001465,305.8532409667969,51.41866683959961
2020-02-11,77.15497589111328,6.6671061515808105,306.3833312988281,51.62533187866211
2020-02-12,78.98723602294922,6.78283166885376,308.35723876953125,51.15266799926758
2020-02-13,78.42475891113281,6.739029884338379,308.0281982421875,53.599998474121094
2020-02-14,78.44407653808594,7.212141513824463,308.52178955078125,53.33533477783203
2020-02-18,77.00772094726562,7.38087797164917,307.7266845703125,57.22666549682617
2020-02-19,78.12299346923828,7.832088470458984,309.197998046875,61.16133117675781
2020-02-20,77.32151794433594,7.682764053344727,307.92767333984375,59.96066665649414
2020-02-21,75.57135772705078,7.31865930557251,304.756591796875,60.06666564941406
2020-02-24,71.9817123413086,6.801248550415039,294.6492614746094,55.58599853515625
2020-02-25,69.54351043701172,6.521763801574707,285.720703125,53.32733154296875
2020-02-26,70.64673614501953,6.661133766174316,284.66973876953125,51.91999816894531
2020-02-27,66.0286865234375,6.290337085723877,271.88470458984375,45.266666412353516
2020-02-28,65.99005126953125,6.725381851196289,270.7424011230469,44.53266525268555
2020-03-02,72.13378143310547,6.883758544921875,282.4673156738281,49.574668884277344
2020-03-03,69.8428726196289,6.621288776397705,274.379638671875,49.70066833496094
2020-03-04,73.08248901367188,7.084971904754639,285.9125671386719,49.96666717529297
2020-03-05,70.7119140625,6.805566787719727,276.4084167480469,48.30266571044922
2020-03-06,69.77286529541016,6.62502384185791,271.83905029296875,46.89866638183594
2020-03-09,64.2543716430664,6.112036228179932,250.60997009277344,40.53333282470703
2020-03-10,68.88206481933594,6.501509189605713,263.5777282714844,43.02199935913086
2020-03-11,66.4897689819336,6.137684345245361,250.7286834716797,42.28200149536133
2020-03-12,59.92359924316406,5.386630058288574,226.73968505859375,37.369998931884766
2020-03-13,67.10294342041016,5.997485160827637,246.12283325195312,36.44133377075195
2020-03-16,58.470340728759766,4.890822887420654,219.19110107421875,29.67133331298828
2020-03-17,61.04129409790039,5.410536289215088,231.02572631835938,28.68000030517578
2020-03-18,59.5470085144043,5.050696849822998,219.32823181152344,24.08133316040039
2020-03-19,59.09074783325195,5.303455352783203,219.79428100585938,28.50933265686035
2020-03-20,55.33933639526367,5.123661041259766,210.3224334716797,28.50200080871582
2020-03-23,54.1636962890625,5.296482563018799,204.9449005126953,28.952667236328125
2020-03-24,59.597694396972656,6.205169677734375,223.5135498046875,33.66666793823242
2020-03-25,59.269386291503906,6.116519927978516,226.85960388183594,35.95000076293945
2020-03-26,62.388328552246094,6.405883312225342,240.1058807373047,35.21066665649414
2020-03-27,59.80530548095703,6.29357385635376,232.9541778564453,34.29066848754883
2020-03-30,61.51202392578125,6.613819122314453,240.51950073242188,33.47533416748047
2020-03-31,61.386505126953125,6.564263343811035,236.9344482421875,34.93333435058594
2020-04-01,58.15652084350586,6.053018569946289,226.27125549316406,32.104000091552734
2020-04-02,59.1269645690918,6.361806869506836,231.49256896972656,30.29800033569336
2020-04-03,58.2772216796875,6.0739359855651855,228.1465606689453,32.000667572021484
2020-04-06,63.361183166503906,6.683793544769287,243.47023010253906,34.41600036621094
2020-04-07,62.6273078918457,6.450458526611328,243.718505859375,36.36333465576172
2020-04-08,64.2302474975586,6.647686004638672,251.89971923828125,36.589332580566406
2020-04-09,64.69374084472656,6.548076152801514,255.73292541503906,38.20000076293945
2020-04-13,65.9635009765625,6.719902515411377,253.39808654785156,43.39666748046875
2020-04-14,69.29487609863281,7.071026802062988,260.8714904785156,47.32600021362305
2020-04-15,68.66240692138672,6.99357795715332,255.32850646972656,48.65533447265625
2020-04-16,69.2079849243164,7.338726043701172,256.5603332519531,49.680667877197266
2020-04-17,68.2689208984375,7.279459476470947,263.4914245605469,50.259334564208984
2020-04-20,66.85186004638672,7.14822244644165,258.8492126464844,49.75733184814453
2020-04-21,64.78544616699219,6.711435317993164,250.9897003173828,45.781333923339844
2020-04-22,66.65151977539062,7.125810623168945,256.5603332519531,48.807334899902344
2020-04-23,66.3932113647461,7.072519779205322,256.5419006347656,47.04199981689453
2020-04-24,68.30995178222656,7.2114763259887695,260.1177062988281,48.34333419799805
2020-04-27,68.35822296142578,7.397993087768555,263.8682556152344,53.25
2020-04-28,67.25017547607422,7.255552768707275,262.65478515625,51.27466583251953
2020-04-29,69.45903778076172,7.432358741760254,269.5307312011719,53.367332458496094
2020-04-30,70.92434692382812,7.278461933135986,267.0212707519531,52.12533187866211
2020-05-01,69.78251647949219,7.0418901443481445,259.9523620605469,46.75466537475586
2020-05-04,70.76985931396484,7.253808498382568,260.66925048828125,50.74599838256836
2020-05-05,71.83202362060547,7.314821243286133,263.0776672363281,51.2140007019043
2020-05-06,72.57313537597656,7.415673732757568,261.29437255859375,52.172000885009766
2020-05-07,73.32391357421875,7.591982364654541,264.4473571777344,52.00266647338867
2020-05-08,75.06912994384766,7.781988143920898,268.8229675292969,54.62799835205078
2020-05-11,76.25035858154297,8.034001350402832,268.87811279296875,54.08599853515625
2020-05-12,75.37897491455078,7.772027492523193,263.5189208984375,53.96066665649414
2020-05-13,74.46884155273438,7.7496161460876465,258.85833740234375,52.73066711425781
2020-05-14,74.92632293701172,7.999135971069336,261.9562072753906,53.55533218383789
2020-05-15,74.48335266113281,8.45759105682373,263.1603698730469,53.27799987792969
2020-05-18,76.2382583618164,8.716073036193848,271.1761779785156,54.242000579833984
2020-05-19,75.79772186279297,8.771109580993652,268.3908996582031,53.867332458496094
2020-05-20,77.2718505859375,8.934967041015625,272.9504089355469,54.37066650390625
2020-05-21,76.69575500488281,8.740981101989746,271.06585693359375,55.17333221435547
2020-05-22,77.18953704833984,8.990998268127441,271.5807189941406,54.45866775512695
2020-05-26,76.66671752929688,8.683701515197754,274.9267578125,54.591331481933594
2020-05-27,77.00074768066406,8.491957664489746,279.0173645019531,54.68199920654297
2020-05-28,77.03463745117188,8.453853607177734,278.5025329589844,53.72066879272461
2020-05-29,76.95960235595703,8.840838432312012,279.74359130859375,55.66666793823242
2020-06-01,77.90605163574219,8.771857261657715,280.87420654296875,59.87333297729492
2020-06-02,78.2667007446289,8.790782928466797,283.19989013671875,58.770668029785156
2020-06-03,78.69755554199219,8.735249519348145,286.96875,58.86399841308594
2020-06-04,78.01980590820312,8.736248016357422,286.2149963378906,57.62533187866211
2020-06-05,80.24188995361328,8.8892183303833,293.5505676269531,59.04399871826172
2020-06-08,80.71632385253906,8.774619102478027,297.0988464355469,63.327999114990234
2020-06-09,83.26517486572266,9.014781951904297,294.88348388671875,62.711334228515625
2020-06-10,85.40736389160156,9.334426879882812,293.238037109375,68.336669921875
2020-06-11,81.30693817138672,8.765894889831543,276.3330993652344,64.85600280761719
2020-06-12,82.0089111328125,8.901671409606934,279.6424255371094,62.35200119018555
2020-06-15,83.02313232421875,9.14209270477295,282.2530822753906,66.05999755859375
2020-06-16,85.2234115600586,9.037203788757324,287.68585205078125,65.47533416748047
2020-06-17,85.1048355102539,9.204130172729492,286.4908752441406,66.11933135986328
2020-06-18,85.13871002197266,9.186190605163574,286.60107421875,66.9306640625
2020-06-19,84.65216827392578,9.229288101196289,284.96319580078125,66.72666931152344
2020-06-22,86.8669662475586,9.493875503540039,286.79132080078125,66.28800201416016
2020-06-23,88.72114562988281,9.417389869689941,288.1116027832031,66.78533172607422
2020-06-24,87.15502166748047,9.203630447387695,280.7622985839844,64.0566635131836
2020-06-25,88.31207275390625,9.457250595092773,283.77215576171875,65.73200225830078
2020-06-26,85.59862518310547,9.123408317565918,277.0321960449219,63.982666015625
2020-06-29,87.57137298583984,9.168252944946289,281.1038818359375,67.29000091552734
2020-06-30,88.3023910522461,9.464973449707031,284.7046813964844,71.98733520507812
2020-07-01,88.13539123535156,9.497111320495605,286.698974609375,74.64199829101562
2020-07-02,88.13539123535156,9.579078674316406,288.2778015136719,80.57733154296875
2020-07-06,90.49298858642578,9.805294036865234,292.7279968261719,91.43866729736328
2020-07-07,90.21221923828125,9.83768367767334,289.7088317871094,92.65733337402344
2020-07-08,92.31324768066406,10.18074893951416,291.92474365234375,91.05867004394531
2020-07-09,92.71025085449219,10.472733497619629,290.2628479003906,92.9520034790039
2020-07-10,92.87242126464844,10.443086624145508,293.2265625,102.97666931152344
2020-07-13,92.4439697265625,10.017559051513672,290.6875915527344,99.80400085449219
2020-07-14,93.97379302978516,10.341188430786133,294.45452880859375,101.12000274658203
2020-07-15,94.62007904052734,10.191956520080566,297.15972900390625,103.06732940673828
2020-07-16,93.45578002929688,10.099777221679688,296.1811218261719,100.04266357421875
2020-07-17,93.2669677734375,10.16629695892334,297.0397644042969,100.05599975585938
2020-07-20,95.23246002197266,10.474475860595703,299.4403991699219,109.53333282470703
2020-07-21,93.91809844970703,10.292855262756348,300.0773620605469,104.55733489990234
2020-07-22,94.18194580078125,10.402727127075195,301.78546142578125,106.15533447265625
2020-07-23,89.89511108398438,10.094793319702148,298.1846923828125,100.87133026123047
2020-07-24,89.67243957519531,10.159318923950195,296.2642517089844,94.46666717529297
2020-07-27,91.79767608642578,10.385537147521973,298.4248046875,102.63999938964844
2020-07-28,90.28970336914062,10.180249214172363,296.53192138671875,98.43267059326172
2020-07-29,92.0203857421875,10.429384231567383,300.178955078125,99.94066619873047
2020-07-30,93.13385772705078,10.577371597290039,299.1080017089844,99.16600036621094
2020-07-31,102.88387298583984,10.578120231628418,301.47161865234375,95.38400268554688
2020-08-03,105.47633361816406,10.972253799438477,303.5674133300781,99.0
2020-08-04,106.18072509765625,11.189003944396973,304.739990234375,99.13333129882812
2020-08-05,106.56558227539062,11.247797966003418,306.6327209472656,99.00133514404297
2020-08-06,110.2835922241211,11.296380043029785,308.6824035644531,99.30533599853516
2020-08-07,107.77620697021484,11.160850524902344,308.9039611816406,96.84733581542969
2020-08-10,109.34270477294922,11.126471519470215,309.82720947265625,94.57133483886719
2020-08-11,106.09085083007812,10.81256103515625,307.26983642578125,91.6259994506836
2020-08-12,109.61671447753906,11.400771141052246,311.55389404296875,103.65066528320312
2020-08-13,111.55668640136719,11.403509140014648,310.99066162109375,108.06666564941406
2020-08-14,111.45724487304688,11.524094581604004,310.9999084472656,110.04733276367188
2020-08-17,111.16624450683594,12.294426918029785,311.9878234863281,122.3759994506836
2020-08-18,112.09257507324219,12.218439102172852,312.661865234375,125.80599975585938
2020-08-19,112.23320770263672,12.096611022949219,311.3598937988281,125.23533630371094
2020-08-20,114.72362518310547,12.099103927612305,312.329345703125,133.45533752441406
2020-08-21,120.63562774658203,12.639728546142578,313.4373779296875,136.6653289794922
2020-08-24,122.07846069335938,12.676355361938477,316.6134338378906,134.27999877929688
2020-08-25,121.07691955566406,12.706002235412598,317.7213439941406,134.8893280029297
2020-08-26,122.72347259521484,12.728921890258789,320.90667724609375,143.54466247558594
2020-08-27,121.25640869140625,12.584671974182129,321.6084289550781,149.25
2020-08-28,121.05999755859375,13.102377891540527,323.68585205078125,147.55999755859375
2020-08-31,125.1654052734375,13.328346252441406,322.5132141113281,166.10667419433594
2020-09-01,130.1510467529297,13.777425765991211,325.55084228515625,158.35000610351562
2020-09-02,127.45454406738281,14.301268577575684,330.2596740722656,149.1233367919922
2020-09-03,117.25039672851562,12.974462509155273,318.8940734863281,135.6666717529297
2020-09-04,117.32801818847656,12.582704544067383,316.2903747558594,139.44000244140625
2020-09-08,109.43241882324219,11.875439643859863,307.6483154296875,110.06999969482422
2020-09-09,113.79730987548828,12.674910545349121,313.7235412597656,122.09333038330078
2020-09-10,110.08232116699219,12.272933959960938,308.276123046875,123.77999877929688
2020-09-11,108.63704681396484,12.12614917755127,308.4330749511719,124.23999786376953
2020-09-14,111.89617156982422,12.83166790008545,312.4955749511719,139.8733367919922
2020-09-15,112.07074737548828,12.950042724609375,314.074462890625,149.9199981689453
2020-09-16,108.76313018798828,12.475045204162598,312.8279724121094,147.25332641601562
2020-09-17,107.02690887451172,12.424205780029297,310.07666015625,141.14332580566406
2020-09-18,103.63196563720703,12.150821685791016,306.5067443847656,147.38333129882812
2020-09-21,106.77468872070312,12.477785110473633,303.09552001953125,149.79666137695312
2020-09-22,108.45274353027344,12.597907066345215,306.1823425292969,141.41000366210938
2020-09-23,103.90357208251953,12.085525512695312,299.08160400390625,126.78666687011719
2020-09-24,104.97054290771484,12.30906867980957,299.8788146972656,129.26333618164062
2020-09-25,108.90864562988281,12.833161354064941,304.7269287109375,135.77999877929688
2020-09-28,111.5081558227539,12.993904113769531,309.7882995605469,140.39999389648438
2020-09-29,110.6642837524414,13.184051513671875,308.1011657714844,139.69000244140625
2020-09-30,112.33263397216797,13.487841606140137,310.4371643066406,143.00332641601562
2020-10-01,113.2832260131836,13.571577072143555,312.4301452636719,149.3866729736328
2020-10-02,109.62641143798828,13.021068572998047,309.46380615234375,138.3633270263672
2020-10-05,113.00194549560547,13.599489212036133,314.9515380859375,141.89332580566406
2020-10-06,109.76222229003906,13.693190574645996,310.47430419921875,137.9933319091797
2020-10-07,111.62457275390625,13.91997241973877,315.8785705566406,141.76666259765625
2020-10-08,111.51786804199219,13.79511833190918,318.6780090332031,141.97332763671875
2020-10-09,113.45780181884766,13.719359397888184,321.5238342285156,144.6666717529297
2020-10-12,120.66471862792969,14.181150436401367,326.6964111328125,147.43333435058594
2020-10-13,117.46379852294922,14.203330993652344,324.5643615722656,148.88333129882812
2020-10-14,117.55111694335938,14.050812721252441,322.52496337890625,153.76666259765625
2020-10-15,117.08553314208984,13.925954818725586,322.1264343261719,149.6266632080078
2020-10-16,115.4462661743164,13.767953872680664,321.9317626953125,146.55667114257812
2020-10-19,112.49754333496094,13.455194473266602,317.0372619628906,143.61000061035156
2020-10-20,113.98160552978516,13.602478981018066,318.30731201171875,140.64666748046875
2020-10-21,113.36084747314453,13.482108116149902,317.7046813964844,140.8800048828125
2020-10-22,112.27444458007812,13.31887435913086,319.4474182128906,141.92999267578125
2020-10-23,111.58578491210938,13.547402381896973,320.5320129394531,140.2100067138672
2020-10-26,111.59547424316406,13.09981918334961,314.608642578125,140.0933380126953
2020-10-27,113.09892272949219,13.354514122009277,313.5240173339844,141.55999755859375
2020-10-28,107.86107635498047,12.587190628051758,302.80810546875,135.33999633789062
2020-10-29,111.85736846923828,12.982939720153809,305.8857421875,136.94332885742188
2020-10-30,105.59130859375,12.494483947753906,302.6969299316406,129.34666442871094
2020-11-02,105.50402069091797,12.541089057922363,306.08966064453125,133.50332641601562
2020-11-03,107.1239013671875,12.978450775146484,311.4939880371094,141.3000030517578
2020-11-04,111.49847412109375,13.750757217407227,318.4555969238281,140.32666015625
2020-11-05,115.4559555053711,14.115354537963867,324.6663513183594,146.02999877929688
2020-11-06,115.3248062133789,14.51608943939209,324.5921936035156,143.31666564941406
2020-11-09,113.02198028564453,13.587775230407715,328.67095947265625,140.4199981689453
2020-11-10,112.6819076538086,12.729738235473633,328.18890380859375,136.7866668701172
2020-11-11,116.10212707519531,13.375697135925293,330.6268005371094,139.0433349609375
2020-11-12,115.83003997802734,13.414322853088379,327.4195251464844,137.25332641601562
2020-11-13,115.87863159179688,13.25507926940918,331.9525451660156,136.1666717529297
2020-11-16,116.88915252685547,13.472639083862305,336.09600830078125,136.02999877929688
2020-11-17,116.00495147705078,13.37993335723877,334.2884521484375,147.20333862304688
2020-11-18,114.68348693847656,13.38641357421875,330.26531982421875,162.2133331298828
2020-11-19,115.27620697021484,13.397876739501953,331.65576171875,166.42333984375
2020-11-20,114.0130844116211,13.046487808227539,329.38470458984375,163.20333862304688
2020-11-23,110.62200164794922,13.09857177734375,331.3592224121094,173.9499969482422
2020-11-24,111.90457916259766,12.916897773742676,336.6985778808594,185.1266632080078
2020-11-25,112.74019622802734,13.193025588989258,336.17950439453125,191.3333282470703
2020-11-27,113.28435516357422,13.219438552856445,337.11572265625,195.25332641601562
2020-11-30,115.67459869384766,13.359247207641602,335.6232604980469,189.1999969482422
2020-12-01,119.24054718017578,13.347784042358398,339.29412841796875,194.9199981689453
2020-12-02,119.59032440185547,13.501798629760742,340.0079345703125,189.60667419433594
2020-12-03,119.45429229736328,13.357709884643555,339.915283203125,197.7933349609375
2020-12-04,118.78387451171875,13.519498825073242,342.8444519042969,199.67999267578125
2020-12-07,120.24132537841797,13.567858695983887,342.1399841308594,213.9199981689453
2020-12-08,120.85346984863281,13.311843872070312,343.1410827636719,216.6266632080078
2020-12-09,118.32718658447266,12.89378833770752,340.06353759765625,201.4933319091797
2020-12-10,119.74577331542969,12.935172080993652,339.95233154296875,209.02333068847656
2020-12-11,118.93933868408203,12.976054191589355,339.5536193847656,203.3300018310547
2020-12-14,118.32718658447266,13.270710945129395,338.0334777832031,213.27667236328125
2020-12-15,124.25421905517578,13.322312355041504,342.6034851074219,211.0833282470703
2020-12-16,124.18619537353516,13.204648971557617,343.1410827636719,207.58999633789062
2020-12-17,125.05095672607422,13.303117752075195,345.0599365234375,218.63333129882812
2020-12-18,123.0688247680664,13.234065055847168,343.6821594238281,231.6666717529297
2020-12-21,124.59428405761719,13.29414176940918,342.4533386230469,216.6199951171875
2020-12-22,128.14085388183594,13.240297317504883,341.876220703125,213.44667053222656
2020-12-23,127.24688720703125,12.972064971923828,342.1835021972656,215.32666015625
2020-12-24,128.22828674316406,12.956608772277832,343.5145568847656,220.58999633789062
2020-12-28,132.814453125,12.863129615783691,346.4657287597656,221.22999572753906
2020-12-29,131.0460205078125,12.906254768371582,345.8047180175781,221.99667358398438
2020-12-30,129.9286651611328,13.108176231384277,346.2981262207031,231.5933380126953
2020-12-31,128.92779541015625,13.017684936523438,348.05755615234375,235.22332763671875
2021-01-04,125.74085998535156,13.076016426086426,343.319091796875,243.2566680908203
2021-01-05,127.29549407958984,13.366436004638672,345.6836242675781,245.0366668701172
2021-01-06,123.0105209350586,12.578446388244629,347.7503662109375,251.9933319091797
2021-01-07,127.20805358886719,13.305858612060547,352.9171142578125,272.0133361816406
2021-01-08,128.30596923828125,13.238801002502441,354.9278869628906,293.3399963378906
2021-01-11,125.32304382324219,13.582565307617188,352.53533935546875,270.39666748046875
2021-01-12,125.14815521240234,13.446208000183105,352.6097717285156,283.14666748046875
2021-01-13,127.17890167236328,13.493071556091309,353.5594177246094,284.8033447265625
2021-01-14,125.25501251220703,13.162518501281738,352.32122802734375,281.6666564941406
2021-01-15,123.53518676757812,12.82274341583252,349.7518310546875,275.38665771484375
2021-01-19,124.20564270019531,12.988021850585938,352.4981689453125,281.51666259765625
2021-01-20,128.2865753173828,13.327546119689941,357.3761901855469,283.48333740234375
2021-01-21,132.98936462402344,13.827863693237305,357.7020568847656,281.663330078125
2021-01-22,135.12696838378906,13.673307418823242,356.43597412109375,282.21331787109375
2021-01-25,138.86782836914062,13.614224433898926,357.8417053222656,293.6000061035156
2021-01-26,139.10101318359375,13.396846771240234,357.2831115722656,294.36334228515625
2021-01-27,138.03219604492188,12.880826950073242,348.5509033203125,288.0533447265625
2021-01-28,133.20310974121094,13.013697624206543,351.5485534667969,278.4766540527344
2021-01-29,128.21856689453125,12.952621459960938,344.5107421875,264.510009765625
2021-02-01,130.3367919921875,13.199166297912598,350.24530029296875,279.9366760253906
2021-02-02,131.16265869140625,13.518000602722168,355.1978759765625,290.92999267578125
2021-02-03,130.1424102783203,13.491827011108398,355.4771423339844,284.89666748046875
2021-02-04,133.4945831298828,13.62519359588623,359.5173645019531,283.3299865722656
2021-02-05,133.08103942871094,13.552152633666992,360.93243408203125,284.07666015625
2021-02-08,133.2270050048828,14.397479057312012,363.5390319824219,287.8066711425781
2021-02-09,132.35118103027344,14.222480773925781,363.29693603515625,283.1533203125
2021-02-10,131.74790954589844,14.722049713134766,363.1387023925781,268.2733459472656
2021-02-11,131.49485778808594,15.207158088684082,363.7252502441406,270.5533447265625
2021-02-12,131.72842407226562,14.918486595153809,365.52197265625,272.0400085449219
2021-02-16,129.60704040527344,15.286430358886719,365.2054138183594,265.40667724609375
2021-02-17,127.32028198242188,14.86339282989502,365.28924560546875,266.04998779296875
2021-02-18,126.22068786621094,14.786614418029785,363.73455810546875,262.4599914550781
2021-02-19,126.3763656616211,14.883834838867188,363.0921630859375,260.4333190917969
2021-02-22,122.61048126220703,14.314714431762695,360.2994079589844,238.1666717529297
2021-02-23,122.4742431640625,14.101581573486328,360.7369079589844,232.94667053222656
2021-02-24,121.97797393798828,14.457557678222656,364.71197509765625,247.33999633789062
2021-02-25,117.73524475097656,13.269461631774902,355.9239807128906,227.4066619873047
2021-02-26,117.99799346923828,13.675301551818848,354.09002685546875,225.1666717529297
2021-03-01,124.35232543945312,13.802186965942383,362.6732177734375,239.47666931152344
2021-03-02,121.75414276123047,13.367929458618164,359.8432312011719,228.81333923339844
2021-03-03,118.77645874023438,12.768150329589844,355.0767517089844,217.73333740234375
2021-03-04,116.89836883544922,12.334893226623535,350.6828308105469,207.14666748046875
2021-03-05,118.15369415283203,12.42587947845459,357.13421630859375,199.31666564941406
2021-03-08,113.22980499267578,11.560113906860352,355.3561096191406,187.6666717529297
2021-03-09,117.83255004882812,12.488774299621582,360.42974853515625,224.52667236328125
2021-03-10,116.75244140625,12.436904907226562,362.6732177734375,222.68666076660156
2021-03-11,118.67916107177734,12.960831642150879,366.3504638671875,233.1999969482422
2021-03-12,117.774169921875,12.823680877685547,366.8439025878906,231.2433319091797
2021-03-15,120.654541015625,13.158087730407715,369.0314636230469,235.97999572753906
2021-03-16,122.19205474853516,13.257833480834961,368.5660705566406,225.6266632080078
2021-03-17,121.4038314819336,13.307708740234375,369.8227844238281,233.93666076660156
2021-03-18,117.28762817382812,12.690513610839844,364.4419860839844,217.72000122070312
2021-03-19,116.76214599609375,12.813454627990723,363.7677001953125,218.2899932861328
2021-03-22,120.07069396972656,13.153096199035645,366.6723937988281,223.3333282470703
2021-03-23,119.2435531616211,13.037887573242188,363.78631591796875,220.72000122070312
2021-03-24,116.85944366455078,12.611213684082031,361.93707275390625,210.08999633789062
2021-03-25,117.34601593017578,12.503735542297363,363.97314453125,213.4633331298828
2021-03-26,117.94932556152344,12.806971549987793,369.83856201171875,206.23666381835938
2021-03-29,118.1244888305664,12.915696144104004,369.65179443359375,203.76333618164062
2021-03-30,116.67457580566406,12.839388847351074,368.671142578125,211.8733367919922
2021-03-31,118.86406707763672,13.314690589904785,370.1654357910156,222.64332580566406
2021-04-01,119.69119262695312,13.777029991149902,374.16290283203125,220.5833282470703
2021-04-05,122.51316833496094,13.9523344039917,379.5333557128906,230.35000610351562
2021-04-06,122.81483459472656,13.82664966583252,379.3092041015625,230.5399932861328
2021-04-07,124.4593734741211,14.107942581176758,379.7481689453125,223.6566619873047
2021-04-08,126.85318756103516,14.281004905700684,381.5506896972656,227.93333435058594
2021-04-09,129.42213439941406,14.36379623413086,384.3246154785156,225.67333984375
2021-04-12,127.70954132080078,15.170760154724121,384.4648132324219,233.9933319091797
2021-04-13,130.81365966796875,15.640081405639648,385.6042785644531,254.10667419433594
2021-04-14,128.47824096679688,15.238593101501465,384.28729248046875,244.07666015625
2021-04-15,130.88182067871094,16.0966796875,388.41552734375,246.28334045410156
2021-04-16,130.5509490966797,15.872496604919434,389.7137145996094,246.5933380126953
2021-04-19,131.2126922607422,15.323128700256348,387.7990417480469,238.2100067138672
2021-04-20,129.5291748046875,15.133111000061035,384.9598388671875,239.663330078125
2021-04-21,129.90872192382812,15.321880340576172,388.60235595703125,248.0399932861328
2021-04-22,128.3907012939453,14.812915802001953,385.05316162109375,239.89666748046875
2021-04-23,130.70669555664062,15.226872444152832,389.2280578613281,243.13333129882812
2021-04-26,131.0959014892578,15.43908405303955,390.0406188964844,246.06666564941406
2021-04-27,130.77479553222656,15.343080520629883,389.9565734863281,234.913330078125
2021-04-28,129.98654174804688,15.23834228515625,389.8444519042969,231.46665954589844
2021-04-29,129.8892364501953,15.286219596862793,392.3288269042969,225.6666717529297
2021-04-30,127.92364501953125,14.971765518188477,389.7510681152344,236.47999572753906
2021-05-03,128.9744873046875,14.79944896697998,390.5916748046875,228.3000030517578
2021-05-04,124.41071319580078,14.315168380737305,388.18206787109375,224.53334045410156
2021-05-05,124.65399169921875,14.422149658203125,388.3034362792969,223.64666748046875
2021-05-06,126.2498550415039,14.486485481262207,391.4042053222656,221.17999267578125
2021-05-07,126.92243194580078,14.775012969970703,394.2528991699219,224.1233367919922
2021-05-10,123.64727783203125,14.229886054992676,390.3488464355469,209.67999267578125
2021-05-11,122.73102569580078,14.270282745361328,386.86505126953125,205.73333740234375
2021-05-12,119.67030334472656,13.723909378051758,378.6460876464844,196.6300048828125
2021-05-13,121.81472778320312,13.63089370727539,383.19451904296875,190.56333923339844
2021-05-14,124.23213958740234,14.207192420959473,389.0786437988281,196.5800018310547
2021-05-17,123.08191680908203,14.12988567352295,388.088623046875,192.27667236328125
2021-05-18,121.69776916503906,13.980512619018555,384.7449645996094,192.6233367919922
2021-05-19,121.54180908203125,14.030386924743652,383.73626708984375,187.82000732421875
2021-05-20,124.09566497802734,14.575763702392578,387.86444091796875,195.5933380126953
2021-05-21,122.26313018798828,14.954059600830078,387.546875,193.6266632080078
2021-05-24,123.8909683227539,15.572751998901367,391.4976501464844,202.14666748046875
2021-05-25,123.69602966308594,15.60841178894043,390.6290283203125,201.56333923339844
2021-05-26,123.64727783203125,15.660530090332031,391.4042053222656,206.3766632080078
2021-05-27,122.1169204711914,15.44906234741211,391.6096496582031,210.28334045410156
2021-05-28,121.46383666992188,16.203659057617188,392.3101806640625,208.4066619873047
2021-06-01,121.14215850830078,16.22361183166504,391.9647216796875,207.96665954589844
2021-06-02,121.90247344970703,16.736066818237305,392.5810852050781,201.7066650390625
2021-06-03,120.42084503173828,16.927085876464844,391.12396240234375,190.94667053222656
2021-06-04,122.71151733398438,17.5340518951416,394.7012939453125,199.68333435058594
2021-06-07,122.72126770019531,17.574705123901367,394.3182678222656,201.7100067138672
2021-06-08,123.54004669189453,17.413110733032227,394.4023132324219,201.19667053222656
2021-06-09,123.92020416259766,17.318572998046875,393.8138732910156,199.5933380126953
2021-06-10,122.92595672607422,17.385173797607422,395.6445007324219,203.3733367919922
2021-06-11,124.13465881347656,17.784507751464844,396.29827880859375,203.29666137695312
2021-06-14,127.18560791015625,17.977569580078125,397.1855773925781,205.89666748046875
2021-06-15,126.36687469482422,17.747846603393555,396.4570617675781,199.7866668701172
2021-06-16,126.86396026611328,17.769546508789062,394.2435607910156,201.6233367919922
2021-06-17,128.46253967285156,18.614606857299805,394.11279296875,205.53334045410156
2021-06-18,127.16615295410156,18.596149444580078,388.7960510253906,207.77000427246094
2021-06-21,128.9596710205078,18.385135650634766,394.36199951171875,206.94332885742188
2021-06-22,130.59725952148438,18.84358024597168,396.47039794921875,207.90333557128906
2021-06-23,130.32432556152344,19.013694763183594,395.99261474609375,218.85667419433594
2021-06-24,130.0416717529297,19.16160774230957,398.3350830078125,226.60667419433594
2021-06-25,129.7491912841797,18.987506866455078,399.75,223.9566650390625
2021-06-28,131.37704467773438,19.9393253326416,400.55584716796875,229.57333374023438
2021-06-29,132.88792419433594,19.980979919433594,400.77142333984375,226.9199981689453
2021-06-30,133.5020294189453,19.956787109375,401.1087646484375,226.56666564941406
2021-07-01,133.80419921875,20.16580581665039,403.3294982910156,225.97332763671875
2021-07-02,136.42626953125,20.44017791748047,406.41241455078125,226.3000030517578
2021-07-06,138.4342803955078,20.65119743347168,405.67205810546875,219.86000061035156
2021-07-07,140.919921875,20.325191497802734,407.1056823730469,214.88333129882812
2021-07-08,139.62350463867188,19.85725975036621,403.7886962890625,217.60333251953125
2021-07-09,141.44625854492188,20.004425048828125,408.0989990234375,218.98333740234375
2021-07-12,140.85166931152344,20.46561622619629,409.5607604980469,228.56666564941406
2021-07-13,141.96286010742188,20.203720092773438,408.16455078125,222.84666442871094
2021-07-14,145.38426208496094,19.796154022216797,408.7737731933594,217.7933349609375
2021-07-15,144.7311553955078,18.92290496826172,407.37750244140625,216.86666870117188
2021-07-16,142.69395446777344,18.119491577148438,404.18212890625,214.74000549316406
2021-07-19,138.8533935546875,18.736831665039062,398.21331787109375,215.4066619873047
2021-07-20,142.45997619628906,18.569461822509766,403.91986083984375,220.1666717529297
2021-07-21,141.72894287109375,19.365642547607422,407.1900634765625,218.42999267578125
2021-07-22,143.0935821533203,19.54921531677246,408.0427551269531,216.4199981689453
2021-07-23,144.8091278076172,19.51329803466797,412.2408142089844,214.4600067138672
2021-07-26,145.22828674316406,19.249902725219727,413.25274658203125,219.2066650390625
2021-07-27,143.0643768310547,19.164098739624023,411.36932373046875,214.92666625976562
2021-07-28,141.31951904296875,19.45842933654785,411.2006530761719,215.66000366210938
2021-07-29,141.96286010742188,19.617063522338867,412.9060363769531,225.78334045410156
2021-07-30,142.17733764648438,19.454437255859375,410.90081787109375,229.06666564941406
2021-08-02,141.84588623046875,19.704862594604492,410.0386962890625,236.55667114257812
2021-08-03,143.63951110839844,19.769710540771484,413.37457275390625,236.5800018310547
2021-08-04,143.23980712890625,20.22766876220703,411.3411865234375,236.97332763671875
2021-08-05,143.34701538085938,20.58983039855957,413.94610595703125,238.2100067138672
2021-08-06,142.6636962890625,20.3194522857666,414.6302185058594,233.03334045410156
2021-08-09,142.6148681640625,20.248619079589844,414.2928466796875,237.9199981689453
2021-08-10,142.13650512695312,19.89043617248535,414.8082275390625,236.663330078125
2021-08-11,142.3903045654297,19.65397834777832,415.8389587402344,235.94000244140625
2021-08-12,145.34828186035156,19.8595027923584,417.08526611328125,240.75
2021-08-13,145.5532684326172,20.141860961914062,417.84423828125,239.05667114257812
2021-08-16,147.52523803710938,19.90440559387207,418.8280944824219,228.72332763671875
2021-08-17,146.6173095703125,19.413528442382812,416.08258056640625,221.90333557128906
2021-08-18,142.87841796875,18.99648666381836,411.5285949707031,229.663330078125
2021-08-19,143.21035766601562,19.75275230407715,412.16583251953125,224.49000549316406
2021-08-20,144.6649169921875,20.768423080444336,415.4454345703125,226.75332641601562
2021-08-23,146.14874267578125,21.907812118530273,419.09991455078125,235.43333435058594
2021-08-24,146.0609130859375,21.74319076538086,419.7652282714844,236.163330078125
2021-08-25,144.8308868408203,22.162235260009766,420.64599609375,237.06666564941406
2021-08-26,144.03036499023438,22.017560958862305,418.1628723144531,233.72000122070312
2021-08-27,145.0651397705078,22.58426856994629,421.9015808105469,237.30667114257812
2021-08-30,149.47763061523438,22.636144638061523,423.7569580078125,243.6366729736328
2021-08-31,148.2183074951172,22.337779998779297,423.1291198730469,245.24000549316406
2021-09-01,148.8821258544922,22.393659591674805,423.3539733886719,244.69667053222656
2021-09-02,149.9949951171875,22.348752975463867,424.656494140625,244.1300048828125
2021-09-03,150.62957763671875,22.794811248779297,424.5533447265625,244.52333068847656
2021-09-07,152.9627227783203,22.614198684692383,423.035400390625,250.97332763671875
2021-09-08,151.42030334472656,22.291872024536133,422.52001953125,251.2899932861328
2021-09-09,150.40504455566406,22.130216598510742,420.7115783691406,251.6199951171875
2021-09-10,145.42636108398438,22.43058204650879,417.39453125,245.42333984375
2021-09-13,145.99258422851562,22.10527229309082,418.4626770019531,247.6666717529297
2021-09-14,144.59657287597656,22.195083618164062,416.2043762207031,248.163330078125
2021-09-15,145.48489379882812,22.293869018554688,419.6807861328125,251.94332885742188
2021-09-16,145.2506103515625,22.195083618164062,419.0155334472656,252.3300018310547
2021-09-17,142.5855712890625,21.85379981994629,414.9338684082031,253.163330078125
2021-09-20,139.539794921875,21.06846046447754,408.0152282714844,243.38999938964844
2021-09-21,140.0181427001953,21.20117950439453,407.6297912597656,246.4600067138672
2021-09-22,142.38058471679688,21.894712448120117,411.6061706542969,250.64666748046875
2021-09-23,143.33726501464844,22.434572219848633,416.607177734375,251.2133331298828
2021-09-24,143.42510986328125,22.034420013427734,417.29339599609375,258.1300048828125
2021-09-27,141.9119873046875,21.61430549621582,416.099609375,263.78668212890625
2021-09-28,138.5343017578125,20.655336380004883,407.71441650390625,259.1866760253906
2021-09-29,139.43240356445312,20.47372055053711,408.4006042480469,260.4366760253906
2021-09-30,138.134033203125,20.67229652404785,403.40899658203125,258.49334716796875
2021-10-01,139.25669860839844,20.6982421875,408.2031555175781,258.40667724609375
2021-10-04,135.83018493652344,19.69037437438965,402.93896484375,260.510009765625
2021-10-05,137.7533416748047,20.407861709594727,407.1315612792969,260.1966552734375
2021-10-06,138.6221466064453,20.656335830688477,408.8236389160156,260.9166564941406
2021-10-07,139.88145446777344,21.030540466308594,412.358154296875,264.53668212890625
2021-10-08,139.500732421875,20.787057876586914,411.6061706542969,261.8299865722656
2021-10-11,139.4128875732422,20.65134048461914,408.626220703125,263.9800109863281
2021-10-12,138.143798828125,20.627391815185547,407.6203918457031,268.5733337402344
2021-10-13,137.55809020996094,20.894824981689453,409.08685302734375,270.3599853515625
2021-10-14,140.34030151367188,21.70012855529785,415.9679870605469,272.7733459472656
2021-10-15,141.39459228515625,21.815881729125977,419.13592529296875,281.010009765625
2021-10-18,143.06394958496094,22.17512321472168,420.376708984375,290.03668212890625
2021-10-19,145.22137451171875,22.242977142333984,423.6198425292969,288.0899963378906
2021-10-20,145.70941162109375,22.056373596191406,425.2837829589844,288.6000061035156
2021-10-21,145.92422485351562,22.644134521484375,426.3929748535156,298.0
2021-10-22,145.1529998779297,22.678056716918945,425.95111083984375,303.2266540527344
2021-10-25,145.1042022705078,23.117128372192383,428.2354431152344,341.6199951171875
2021-10-26,145.76803588867188,24.664857864379883,428.62091064453125,339.4766540527344
2021-10-27,145.30918884277344,24.39942169189453,426.72198486328125,345.9533386230469
2021-10-28,148.94068908691406,24.888385772705078,430.8393859863281,359.0133361816406
2021-10-29,146.23663330078125,25.513065338134766,431.7136535644531,371.3333435058594
2021-11-01,145.4165802001953,25.772518157958984,432.45623779296875,402.86334228515625
2021-11-02,146.45135498046875,26.345306396484375,434.2046813964844,390.6666564941406
2021-11-03,147.8863983154297,26.541889190673828,436.8556213378906,404.6199951171875
2021-11-04,147.36900329589844,29.738134384155273,438.9143371582031,409.9700012207031
2021-11-05,147.8969268798828,29.68923568725586,440.43719482421875,407.36334228515625
2021-11-08,147.07571411132812,30.739017486572266,440.81317138671875,387.64666748046875
2021-11-09,147.43743896484375,30.592323303222656,439.3561706542969,341.1666564941406
2021-11-10,144.61207580566406,29.396854400634766,435.8215637207031,355.98333740234375
2021-11-11,144.56320190429688,30.325889587402344,435.96258544921875,354.5033264160156
2021-11-12,146.63580322265625,30.325889587402344,439.2527770996094,344.47332763671875
2021-11-15,146.6455841064453,29.961660385131836,439.4031677246094,337.7966613769531
2021-11-16,147.6232147216797,30.1392822265625,441.1422119140625,351.57666015625
2021-11-17,150.05751037597656,29.19927406311035,440.0705871582031,363.0033264160156
2021-11-18,154.33956909179688,31.608179092407227,441.5652160644531,365.4599914550781
2021-11-19,156.9596405029297,32.91542053222656,440.775634765625,379.0199890136719
2021-11-22,157.41908264160156,31.888586044311523,439.53472900390625,385.6233215332031
2021-11-23,157.8004150390625,31.679033279418945,440.1176452636719,369.6766662597656
2021-11-24,158.31854248046875,32.605072021484375,441.2926025390625,372.0
2021-11-26,153.30325317382812,31.436542510986328,431.450439453125,360.6400146484375
2021-11-29,156.65658569335938,33.305580139160156,436.7428283691406,378.9966735839844
2021-11-30,161.60342407226562,32.60706329345703,428.2448425292969,381.586669921875
2021-12-01,161.08526611328125,31.372529983520508,423.48828125,365.0
2021-12-02,160.09783935546875,32.06215286254883,429.974609375,361.5333251953125
2021-12-03,158.2207794189453,30.632003784179688,426.2331237792969,338.3233337402344
2021-12-06,161.62298583984375,29.97730255126953,431.2812194824219,336.336669921875
2021-12-07,167.35189819335938,32.3625602722168,440.2021789550781,350.5833435058594
2021-12-08,171.1647186279297,31.76275062561035,441.3678283691406,356.32000732421875
2021-12-09,170.6563262939453,30.42940330505371,438.3879089355469,334.6000061035156
2021-12-10,175.43698120117188,30.137983322143555,442.5146484375,339.010009765625
2021-12-13,171.8099365234375,28.10503387451172,438.5947265625,322.13665771484375
2021-12-14,170.43148803710938,28.280677795410156,435.57720947265625,319.5033264160156
2021-12-15,175.2903289794922,30.398466110229492,442.383056640625,325.3299865722656
2021-12-16,168.40780639648438,28.330585479736328,438.48193359375,308.97332763671875
2021-12-17,167.31280517578125,27.745750427246094,433.81512451171875,310.8566589355469
2021-12-20,165.9539031982422,27.663911819458008,429.2023010253906,299.9800109863281
2021-12-21,169.12144470214844,29.0172176361084,436.824462890625,312.84332275390625
2021-12-22,171.71217346191406,29.341567993164062,441.19207763671875,336.2900085449219
2021-12-23,172.33787536621094,29.581090927124023,443.9372253417969,355.6666564941406
2021-12-27,176.29727172851562,30.883499145507812,450.2199401855469,364.64666748046875
2021-12-28,175.2805938720703,30.261741638183594,449.8520202636719,362.8233337402344
2021-12-29,175.36854553222656,29.941377639770508,450.4274597167969,362.0633239746094
2021-12-30,174.21493530273438,29.527202606201172,449.1822509765625,356.7799987792969
2021-12-31,173.59901428222656,29.3525447845459,448.0502624511719,352.260009765625
2022-01-03,177.93975830078125,30.061140060424805,450.6444091796875,399.9266662597656
2022-01-04,175.68141174316406,29.231792449951172,450.4934997558594,383.1966552734375
2022-01-05,171.00828552246094,27.549137115478516,441.8429870605469,362.7066650390625
2022-01-06,168.153564453125,28.121997833251953,441.427978515625,354.8999938964844
2022-01-07,168.3197784423828,27.192848205566406,439.6827392578125,342.32000732421875
2022-01-10,168.33932495117188,27.34554672241211,439.13568115234375,352.7066650390625
2022-01-11,171.1647186279297,27.761716842651367,443.13543701171875,354.79998779296875
2022-01-12,171.60464477539062,27.943355560302734,444.33343505859375,368.739990234375
2022-01-13,168.33932495117188,26.52218246459961,438.211181640625,343.85333251953125
2022-01-14,169.19964599609375,26.88845443725586,438.3904113769531,349.8699951171875
2022-01-18,166.00277709960938,25.85152244567871,430.62677001953125,343.5033264160156
2022-01-19,162.51258850097656,25.017183303833008,426.15521240234375,331.8833312988281
2022-01-20,160.8310546875,24.102005004882812,421.43853759765625,332.0899963378906
2022-01-21,158.77804565429688,23.32754898071289,413.1654052734375,314.6333312988281
2022-01-24,158.0056915283203,23.325551986694336,414.9199523925781,310.0
2022-01-25,156.20681762695312,22.279634475708008,409.8542785644531,306.1333312988281
2022-01-26,156.11888122558594,22.726747512817383,408.8260192871094,312.4700012207031
2022-01-27,155.6593780517578,21.900392532348633,406.8072509765625,276.3666687011719
2022-01-28,166.5209197998047,22.79460906982422,416.9104919433594,282.1166687011719
2022-01-31,170.87142944335938,24.437341690063477,424.4195251464844,312.239990234375
2022-02-01,170.70521545410156,24.589033126831055,427.28729248046875,310.4166564941406
2022-02-02,171.90771484375,25.191837310791016,431.4379577636719,301.88665771484375
2022-02-03,169.033447265625,23.900407791137695,421.29705810546875,297.0466613769531
2022-02-04,168.74957275390625,24.27066993713379,423.278076171875,307.7733459472656
2022-02-07,168.03500366210938,24.678855895996094,421.9196472167969,302.4466552734375
2022-02-08,171.1380157470703,25.058101654052734,425.39117431640625,307.3333435058594
2022-02-09,172.55743408203125,26.651931762695312,431.6171569824219,310.6666564941406
2022-02-10,168.48529052734375,25.77267837524414,423.8629150390625,301.51666259765625
2022-02-11,165.07875061035156,23.901403427124023,415.5049133300781,286.6666564941406
2022-02-14,165.313720703125,24.21877098083496,414.146484375,291.9200134277344
2022-02-15,169.14112854003906,26.442344665527344,420.8253173828125,307.4766540527344
2022-02-16,168.90621948242188,26.458316802978516,421.29705810546875,307.7966613769531
2022-02-17,165.313720703125,24.458297729492188,412.2974548339844,292.1166687011719
2022-02-18,163.76705932617188,23.595014572143555,409.6278991699219,285.6600036621094
2022-02-22,160.8500213623047,23.34351348876953,405.23187255859375,273.84332275390625
2022-02-23,156.6897430419922,22.342514038085938,398.0436706542969,254.67999267578125
2022-02-24,159.30337524414062,23.7007999420166,404.0338439941406,266.92333984375
2022-02-25,161.36880493164062,24.108989715576172,412.94842529296875,269.9566650390625
2022-02-28,161.63307189941406,24.33654022216797,411.89190673828125,290.1433410644531
2022-03-01,159.75363159179688,23.430339813232422,405.6187438964844,288.1233215332031
2022-03-02,163.04269409179688,24.175981521606445,413.08050537109375,293.2966613769531
2022-03-03,162.7196807861328,23.67090606689453,411.0240478515625,279.7633361816406
2022-03-04,159.72427368164062,22.894319534301758,407.68463134765625,279.42999267578125
2022-03-07,155.93597412109375,21.313194274902344,395.66644287109375,268.1933288574219
2022-03-08,154.11529541015625,21.47490119934082,392.66656494140625,274.79998779296875
2022-03-09,159.50892639160156,22.97217559814453,403.19427490234375,286.3233337402344
2022-03-10,155.1724853515625,22.61682891845703,401.37359619140625,279.4333190917969
2022-03-11,151.46253967285156,22.059839248657227,396.2701721191406,265.1166687011719
2022-03-14,147.4392852783203,21.291236877441406,393.3741149902344,255.4566650390625
2022-03-15,151.8148956298828,22.931251525878906,402.0245361328125,267.2966613769531
2022-03-16,156.21986389160156,24.45148277282715,410.9391784667969,280.07666015625
2022-03-17,157.2281036376953,24.720991134643555,416.0803527832031,290.5333251953125
2022-03-18,160.51715087890625,26.404926300048828,420.6375427246094,301.7966613769531
2022-03-21,161.88763427734375,26.685413360595703,420.5146179199219,307.0533447265625
2022-03-22,165.2549591064453,26.475797653198242,425.4351806640625,331.32666015625
2022-03-23,166.6156005859375,25.587413787841797,419.9562683105469,333.03668212890625
2022-03-24,170.3941192626953,28.09884262084961,426.2868347167969,337.97332763671875
2022-03-25,171.0303497314453,27.641672134399414,428.3686218261719,336.8800048828125
2022-03-28,171.89181518554688,28.16771697998047,431.4156799316406,363.9466552734375
2022-03-29,175.1808624267578,28.603923797607422,436.75262451171875,366.5233459472656
2022-03-30,174.01596069335938,27.63967514038086,434.0557861328125,364.663330078125
2022-03-31,170.92269897460938,27.23641586303711,427.37506103515625,359.20001220703125
2022-04-01,170.6290283203125,26.6634521484375,428.5862731933594,361.5299987792969
2022-04-04,174.6718292236328,27.310283660888672,432.2578125,381.8166809082031
2022-04-05,171.3632049560547,25.883872985839844,426.7978210449219,363.7533264160156
2022-04-06,168.20140075683594,24.362646102905273,422.5301208496094,348.586669921875
2022-04-07,168.5048828125,24.16400718688965,424.65924072265625,352.4200134277344
2022-04-08,166.49815368652344,23.076984405517578,423.52374267578125,341.8299865722656
2022-04-11,162.2498016357422,21.877168655395508,416.28472900390625,325.30999755859375
2022-04-12,164.11947631835938,21.46491813659668,414.7423400878906,328.98333740234375
2022-04-13,166.80157470703125,22.162647247314453,419.4925842285156,340.7900085449219
2022-04-14,161.7994842529297,21.219369888305664,414.2691650390625,328.3333435058594
2022-04-18,161.5841522216797,21.743412017822266,414.439453125,334.7633361816406
2022-04-19,163.864990234375,22.157657623291016,421.1296691894531,342.7166748046875
2022-04-20,163.69854736328125,21.442956924438477,420.8173828125,325.73333740234375
2022-04-21,162.9056396484375,20.146318435668945,414.5246887207031,336.260009765625
2022-04-22,158.37339782714844,19.479534149169922,403.150390625,335.01666259765625
2022-04-25,159.4403839111328,19.865829467773438,405.4877624511719,332.67333984375
2022-04-26,153.48880004882812,18.753856658935547,393.7444763183594,292.1400146484375
2022-04-27,153.26364135742188,18.381534576416016,394.8515930175781,293.836669921875
2022-04-28,160.18438720703125,19.746051788330078,404.8253479003906,292.5033264160156
2022-04-29,154.3208465576172,18.513294219970703,389.8647766113281,290.2533264160156
2022-05-02,154.62429809570312,19.49750328063965,392.2115478515625,300.9800109863281
2022-05-03,156.11216735839844,19.56637954711914,394.0094909667969,303.0833435058594
2022-05-04,162.51409912109375,20.297048568725586,406.00823974609375,317.5400085449219
2022-05-05,153.4594268798828,18.80975341796875,391.5774841308594,291.09332275390625
2022-05-06,154.1848602294922,18.64105987548828,389.2402648925781,288.54998779296875
2022-05-09,149.0675506591797,16.919200897216797,376.77783203125,262.3699951171875
2022-05-10,151.46934509277344,17.563020706176758,377.6483459472656,266.67999267578125
2022-05-11,143.6169891357422,16.59977912902832,371.6490478515625,244.6666717529297
2022-05-12,139.75453186035156,16.14560890197754,371.26104736328125,242.6666717529297
2022-05-13,144.21498107910156,17.673818588256836,380.1370544433594,256.5299987792969
2022-05-16,142.67591857910156,17.232627868652344,378.59466552734375,241.4566650390625
2022-05-17,146.3031005859375,18.143966674804688,386.3824768066406,253.8699951171875
2022-05-18,138.04881286621094,16.907217025756836,370.80682373046875,236.60333251953125
2022-05-19,134.64710998535156,17.09288215637207,368.5357666015625,236.47332763671875
2022-05-20,134.88232421875,16.66366195678711,368.6966247558594,221.3000030517578
2022-05-23,140.29373168945312,16.867292404174805,375.5950012207031,224.96665954589844
2022-05-24,137.59783935546875,16.12464141845703,372.727783203125,209.3866729736328
2022-05-25,137.75469970703125,16.94414520263672,376.0207824707031,219.60000610351562
2022-05-26,140.95054626464844,17.818559646606445,383.5342102050781,235.91000366210938
2022-05-27,146.6952362060547,18.776813507080078,392.9496765136719,253.2100067138672
2022-05-31,145.9109344482422,18.638065338134766,390.7448425292969,252.75332641601562
2022-06-01,145.7835235595703,18.286706924438477,387.58428955078125,246.7899932861328
2022-06-02,148.2342987060547,19.556394577026367,394.9652099609375,258.3333435058594
2022-06-03,142.51904296875,18.68597984313965,388.4831848144531,234.51666259765625
2022-06-06,143.2641143798828,18.751861572265625,389.66607666015625,238.27999877929688
2022-06-07,145.7835235595703,18.891605377197266,393.4037780761719,238.8866729736328
2022-06-08,145.04830932617188,18.618045806884766,389.12664794921875,241.86666870117188
2022-06-09,139.83299255371094,18.01900863647461,379.87213134765625,239.7066650390625
2022-06-10,134.431396484375,16.946731567382812,368.85748291015625,232.22999572753906
2022-06-13,129.28469848632812,15.621866226196289,354.8526916503906,215.73666381835938
2022-06-14,130.1474151611328,15.810563087463379,353.7833557128906,220.88999938964844
2022-06-15,132.76487731933594,16.500452041625977,358.82696533203125,233.0
2022-06-16,127.50051879882812,15.57594108581543,346.95123291015625,213.10000610351562
2022-06-17,128.97103881835938,15.8544921875,347.6991882324219,216.75999450683594
2022-06-21,133.1962127685547,16.539390563964844,356.4520568847656,237.0366668701172
2022-06-22,132.68643188476562,16.333721160888672,355.8058166503906,236.086669921875
2022-06-23,135.54896545410156,16.198936462402344,359.29364013671875,235.07000732421875
2022-06-24,138.87229919433594,17.098491668701172,370.7168884277344,245.7066650390625
2022-06-27,138.87229919433594,16.84190559387207,369.3009338378906,244.9199981689453
2022-06-28,134.7353057861328,15.956329345703125,361.7550354003906,232.663330078125
2022-06-29,136.49008178710938,15.517033576965332,361.46044921875,228.49000549316406
2022-06-30,134.02944946289062,15.134650230407715,358.5238342285156,224.47332763671875
2022-07-01,136.1959991455078,14.49967098236084,362.3157043457031,227.26333618164062
2022-07-05,138.7742156982422,14.939964294433594,363.0,233.06666564941406
2022-07-06,140.1074676513672,15.105695724487305,364.2260437011719,231.73333740234375
2022-07-07,143.469970703125,15.832526206970215,369.6811218261719,244.5433349609375
2022-07-08,144.1463623046875,15.812559127807617,369.37689208984375,250.76333618164062
2022-07-11,142.01910400390625,15.127660751342773,365.1573486328125,234.3433380126953
2022-07-12,142.9895782470703,15.057775497436523,361.92608642578125,233.07000732421875
2022-07-13,142.62692260742188,15.139641761779785,360.0254211425781,237.0399932861328
2022-07-14,145.5482635498047,15.347306251525879,359.1510009765625,238.31333923339844
2022-07-15,147.21478271484375,15.73668098449707,366.0127258300781,240.06666564941406
2022-07-18,144.17581176757812,16.075138092041016,362.990478515625,240.54666137695312
2022-07-19,148.02847290039062,16.96470832824707,372.7982482910156,245.52999877929688
2022-07-20,150.02830505371094,17.77839469909668,375.1741638183594,247.5
2022-07-21,152.2928466796875,18.021005630493164,378.99456787109375,271.7066650390625
2022-07-22,151.05763244628906,17.29117774963379,375.478271484375,272.24334716796875
2022-07-25,149.9401092529297,16.996652603149414,375.9344482421875,268.4333190917969
2022-07-26,148.61663818359375,16.506439208984375,371.4867858886719,258.8599853515625
2022-07-27,153.7045135498047,17.761425018310547,381.1329040527344,274.82000732421875
2022-07-28,154.25347900390625,17.955108642578125,385.9132385253906,280.8999938964844
2022-07-29,159.31192016601562,18.133825302124023,391.5393371582031,297.1499938964844
2022-08-01,158.33164978027344,18.411380767822266,390.3798828125,297.27667236328125
2022-08-02,156.8611602783203,18.49624252319336,387.8044738769531,300.586669921875
2022-08-03,162.8607177734375,18.862651824951172,393.8773193359375,307.39666748046875
2022-08-04,162.5469970703125,19.18413734436035,393.6111755371094,308.6333312988281
2022-08-05,162.3212127685547,18.958499908447266,392.9458923339844,288.1700134277344
2022-08-08,161.85000610351562,17.76441764831543,392.48974609375,290.42333984375
2022-08-09,161.89907836914062,17.058555603027344,390.9311218261719,283.3333435058594
2022-08-10,166.13995361328125,18.067928314208984,399.14227294921875,294.3566589355469
2022-08-11,165.4036865234375,17.913179397583008,399.14227294921875,286.6300048828125
2022-08-12,168.9475860595703,18.6789493560791,405.8993835449219,300.0299987792969
2022-08-15,170.01760864257812,19.001428604125977,407.5719909667969,309.32000732421875
2022-08-16,169.86053466796875,18.848674774169922,408.37030029296875,306.5633239746094
2022-08-17,171.35272216796875,18.30554962158203,405.4716491699219,303.9966735839844
2022-08-18,170.95999145507812,18.742849349975586,406.650146484375,302.8699951171875
2022-08-19,168.37820434570312,17.820329666137695,401.1855773925781,296.6666564941406
2022-08-22,164.50054931640625,17.006641387939453,392.83184814453125,289.913330078125
2022-08-23,164.1667938232422,17.153396606445312,391.88153076171875,296.4533386230469
2022-08-24,164.46128845214844,17.1943359375,393.1359558105469,297.0966796875
2022-08-25,166.9154815673828,17.884225845336914,398.68609619140625,296.07000732421875
2022-08-26,160.62290954589844,16.233884811401367,385.19091796875,288.0899963378906
2022-08-29,158.42398071289062,15.775618553161621,382.64398193359375,284.82000732421875
2022-08-30,155.99917602539062,15.443153381347656,378.443359375,277.70001220703125
2022-08-31,154.3401336669922,15.069754600524902,375.56378173828125,275.6099853515625
2022-09-01,155.06661987304688,13.914613723754883,376.74224853515625,277.1600036621094
2022-09-02,152.95594787597656,13.625077247619629,372.769775390625,270.2099914550781
2022-09-06,151.6993865966797,13.443371772766113,371.36322021484375,274.4200134277344
2022-09-07,153.10321044921875,13.696039199829102,378.0348205566406,283.70001220703125
2022-09-08,151.63067626953125,13.971678733825684,380.5057373046875,289.260009765625
2022-09-09,154.48741149902344,14.368158340454102,386.41693115234375,299.67999267578125
2022-09-12,160.43637084960938,14.486002922058105,390.5700378417969,304.4200134277344
2022-09-13,151.0220489501953,13.113802909851074,373.5870666503906,292.1300048828125
2022-09-14,152.46511840820312,13.110808372497559,375.0125732421875,302.6099853515625
2022-09-15,149.5789794921875,12.912066459655762,370.7548828125,303.75
2022-09-16,147.93960571289062,13.180715560913086,367.92657470703125,303.3500061035156
2022-09-19,151.65032958984375,13.364474296569824,370.7797546386719,309.07000732421875
2022-09-20,154.02598571777344,13.158743858337402,366.5237731933594,308.7300109863281
2022-09-21,150.9042510986328,13.243632316589355,360.1302185058594,300.79998779296875
2022-09-22,149.94219970703125,12.544550895690918,357.1051330566406,288.5899963378906
2022-09-23,147.67453002929688,12.49960708618164,351.12188720703125,275.3299865722656
2022-09-26,148.00830078125,12.21198558807373,347.64837646484375,276.010009765625
2022-09-27,148.98016357421875,12.396742820739746,346.76092529296875,282.94000244140625
2022-09-28,147.09532165527344,12.719320297241211,353.58392333984375,287.80999755859375
2022-09-29,139.87013244628906,12.203997611999512,346.1978759765625,268.2099914550781
2022-09-30,135.66854858398438,12.123102188110352,340.844482421875,265.25
2022-10-03,139.84066772460938,12.495612144470215,349.8431701660156,242.39999389648438
2022-10-04,143.42381286621094,13.149754524230957,360.6836242675781,249.44000244140625
2022-10-05,143.71832275390625,13.191699981689453,359.8438720703125,240.80999755859375
2022-10-06,142.76608276367188,13.112804412841797,356.1318359375,238.1300048828125
2022-10-07,137.52391052246094,12.060185432434082,346.1978759765625,223.07000732421875
2022-10-10,137.8478546142578,11.654715538024902,343.5545959472656,222.9600067138672
2022-10-11,136.4342498779297,11.570826530456543,341.37884521484375,216.5
2022-10-12,135.80596923828125,11.48493766784668,340.25286865234375,217.24000549316406
2022-10-13,140.3708038330078,11.9443359375,349.2325134277344,221.72000122070312
2022-10-14,135.84524536132812,11.212296485900879,341.27386474609375,204.99000549316406
2022-10-17,139.80142211914062,11.872428894042969,350.04364013671875,219.35000610351562
2022-10-18,141.11688232421875,11.951329231262207,354.156494140625,220.19000244140625
2022-10-19,141.22486877441406,12.03521728515625,351.64678955078125,222.0399932861328
2022-10-20,140.76344299316406,12.178030014038086,348.6980895996094,207.27999877929688
2022-10-21,144.57240295410156,12.449670791625977,357.1719665527344,214.44000244140625
2022-10-24,146.7124481201172,12.582500457763672,361.5425109863281,211.25
2022-10-25,149.54954528808594,13.243632316589355,367.3157958984375,222.4199981689453
2022-10-26,146.61431884765625,12.879109382629395,364.5484313964844,224.63999938964844
2022-10-27,142.1476287841797,13.158743858337402,362.6016845703125,225.08999633789062
2022-10-28,152.8872528076172,13.815881729125977,371.2283020019531,228.52000427246094
2022-10-31,150.53118896484375,13.47932243347168,368.5467834472656,227.5399932861328
2022-11-01,147.89047241210938,13.525264739990234,366.9341125488281,227.82000732421875
2022-11-02,142.3734130859375,13.201687812805176,357.7254333496094,214.97999572753906
2022-11-03,136.33607482910156,13.403423309326172,354.0419616699219,215.30999755859375
2022-11-04,136.0706024169922,14.137459754943848,359.1377258300781,207.47000122070312
2022-11-07,136.6015625,14.282269477844238,362.5730895996094,197.0800018310547
2022-11-08,137.17190551757812,14.582877159118652,364.5293273925781,191.3000030517578
2022-11-09,132.6191864013672,13.757957458496094,357.01922607421875,177.58999633789062
2022-11-10,144.41888427734375,15.729372024536133,376.6389465332031,190.72000122070312
2022-11-11,147.20169067382812,16.305614471435547,380.28424072265625,195.97000122070312
2022-11-14,145.80538940429688,16.273658752441406,377.0492858886719,190.9499969482422
2022-11-15,147.5360107421875,16.644174575805664,380.26513671875,194.4199981689453
2022-11-16,146.30685424804688,15.889163970947266,377.3642272949219,186.9199981689453
2022-11-17,148.2046356201172,15.656468391418457,376.20953369140625,183.1699981689453
2022-11-18,148.76510620117188,15.388819694519043,377.9176330566406,180.19000244140625
2022-11-21,145.5398712158203,15.296939849853516,376.5435791015625,167.8699951171875
2022-11-22,147.6736602783203,16.016992568969727,381.61065673828125,169.91000366210938
2022-11-23,148.5487823486328,16.497365951538086,384.01544189453125,183.1999969482422
2022-11-25,145.63821411132812,16.248689651489258,383.92950439453125,182.86000061035156
2022-11-28,141.81314086914062,15.80627155303955,377.8031921386719,182.9199981689453
2022-11-29,138.8140411376953,15.618518829345703,377.1542663574219,180.8300018310547
2022-11-30,145.55953979492188,16.905160903930664,389.0348815917969,194.6999969482422
2022-12-01,145.83485412597656,17.116933822631836,388.7486267089844,194.6999969482422
2022-12-02,145.3431854248047,16.85820770263672,388.30010986328125,194.86000061035156
2022-12-05,144.18295288085938,16.59249496459961,381.31488037109375,182.4499969482422
2022-12-06,140.52499389648438,15.970148086547852,375.8182678222656,179.82000732421875
2022-12-07,138.5878448486328,16.103008270263672,375.17889404296875,174.0399932861328
2022-12-08,140.26931762695312,17.150903701782227,378.1180725097656,173.44000244140625
2022-12-09,139.7875213623047,16.98307991027832,375.29351806640625,179.0500030517578
2022-12-12,142.07864379882812,17.516517639160156,380.7041320800781,167.82000732421875
2022-12-13,143.04225158691406,18.05295181274414,383.58599853515625,160.9499969482422
2022-12-14,140.81996154785156,17.655370712280273,381.13348388671875,156.8000030517578
2022-12-15,134.22198486328125,16.934127807617188,371.8103332519531,157.6699981689453
2022-12-16,132.26516723632812,16.55352783203125,367.4207763671875,150.22999572753906
2022-12-19,130.16090393066406,16.236865997314453,364.3052062988281,149.8699951171875
2022-12-20,130.092041015625,16.068044662475586,364.8036804199219,137.8000030517578
2022-12-21,133.189453125,16.483606338500977,370.25836181640625,137.57000732421875
2022-12-22,130.0232391357422,15.32282829284668,364.9761657714844,125.3499984741211
2022-12-23,129.65940856933594,15.189971923828125,367.07562255859375,123.1500015258789
2022-12-27,127.85993194580078,14.10611343383789,365.6280517578125,109.0999984741211
2022-12-28,123.93653869628906,14.02120304107666,361.0841064453125,112.70999908447266
2022-12-29,127.44693756103516,14.587606430053711,367.5837097167969,121.81999969482422
2022-12-30,127.76158905029297,14.598594665527344,366.615478515625,123.18000030517578
2023-01-03,122.98271179199219,14.299910545349121,365.07208251953125,108.0999984741211
2023-01-04,124.25118255615234,14.733451843261719,367.8905029296875,113.63999938964844
2023-01-05,122.93354034423828,14.24996280670166,363.69158935546875,110.33999633789062
2023-01-06,127.45677185058594,14.843338012695312,372.0318603515625,113.05999755859375
2023-01-09,127.9779281616211,15.611526489257812,371.8208923339844,119.7699966430664
2023-01-10,128.54824829101562,15.892230987548828,374.42840576171875,118.8499984741211
2023-01-11,131.26219177246094,15.984132766723633,379.1641540527344,123.22000122070312
2023-01-12,131.18353271484375,16.493593215942383,380.54461669921875,123.55999755859375
2023-01-13,132.510986328125,16.881187438964844,382.02093505859375,122.4000015258789
2023-01-17,133.6713104248047,17.68334197998047,381.32110595703125,131.49000549316406
2023-01-18,132.9534912109375,17.358680725097656,375.3008117675781,128.77999877929688
2023-01-19,133.0124969482422,16.747323989868164,372.5686950683594,127.16999816894531
2023-01-20,135.56907653808594,17.8201961517334,379.5093078613281,133.4199981689453
2023-01-23,138.75502014160156,19.17276954650879,384.0628356933594,143.75
2023-01-24,140.1512908935547,19.244693756103516,383.650634765625,143.88999938964844
2023-01-25,139.49252319335938,19.30263328552246,383.79449462890625,144.42999267578125
2023-01-26,141.55747985839844,19.7811279296875,388.0124816894531,160.27000427246094
2023-01-27,143.49456787109375,20.34353256225586,388.90399169921875,177.89999389648438
2023-01-30,140.6134796142578,19.141801834106445,384.0245361328125,166.66000366210938
2023-01-31,141.8819580078125,19.516403198242188,389.67095947265625,173.22000122070312
2023-02-01,143.00291442871094,20.92092514038086,393.812255859375,181.41000366210938
2023-02-02,148.302978515625,21.68611717224121,399.5450134277344,188.27000427246094
2023-02-03,151.92156982421875,21.077760696411133,395.2981872558594,189.97999572753906
2023-02-06,149.19778442382812,21.066770553588867,392.8824462890625,194.75999450683594
2023-02-07,152.0690460205078,22.149625778198242,398.020751953125,196.80999755859375
2023-02-08,149.38462829589844,22.181589126586914,393.66851806640625,201.2899932861328
2023-02-09,148.35211181640625,22.31345558166504,390.25567626953125,207.32000732421875
2023-02-10,148.71653747558594,21.242584228515625,391.1663818359375,196.88999938964844
2023-02-13,151.51339721679688,21.765031814575195,395.75830078125,194.63999938964844
2023-02-14,150.87327575683594,22.94678497314453,395.5762634277344,209.25
2023-02-15,152.97091674804688,22.740005493164062,396.8607482910156,214.24000549316406
2023-02-16,151.37550354003906,21.978805541992188,391.3964538574219,202.0399932861328
2023-02-17,150.233154296875,21.36545181274414,390.41864013671875,208.30999755859375
2023-02-21,146.2249298095703,20.63322639465332,382.58648681640625,197.3699951171875
2023-02-22,146.64840698242188,20.73212432861328,382.05926513671875,200.86000061035156
2023-02-23,147.13095092773438,23.639053344726562,384.09161376953125,202.07000732421875
2023-02-24,144.48182678222656,23.26145362854004,379.98858642578125,196.8800048828125
2023-02-27,145.67349243164062,23.476224899291992,381.2828063964844,207.6300048828125
2023-02-28,145.1711883544922,23.191526412963867,379.8736267089844,205.7100067138672
2023-03-01,143.1031036376953,22.674072265625,378.4164123535156,202.77000427246094
2023-03-02,143.69398498535156,23.28942108154297,381.35943603515625,190.89999389648438
2023-03-03,148.7362060546875,23.86481475830078,387.47564697265625,197.7899932861328
2023-03-06,151.49368286132812,23.5291690826416,387.7440185546875,193.80999755859375
2023-03-07,149.29757690429688,23.267406463623047,381.8004150390625,187.7100067138672
2023-03-08,150.54827880859375,24.15961265563965,382.423583984375,182.0
2023-03-09,148.3029022216797,23.415271759033203,375.3678894042969,172.9199981689453
2023-03-10,146.24465942382812,22.94468879699707,369.95159912109375,173.44000244140625
2023-03-13,148.18475341796875,22.945688247680664,369.4242858886719,174.47999572753906
2023-03-14,150.2725067138672,24.041717529296875,375.5308837890625,183.25999450683594
2023-03-15,150.66644287109375,24.206573486328125,373.1822204589844,180.4499969482422
2023-03-16,153.48301696777344,25.518409729003906,379.7297058105469,184.1300048828125
2023-03-17,152.6459503173828,25.70224952697754,375.2897644042969,180.1300048828125
2023-03-20,155.0094757080078,25.877094268798828,378.8983154296875,183.25
2023-03-21,156.86093139648438,26.17582893371582,383.87347412109375,197.5800018310547
2023-03-22,155.43292236328125,26.444589614868164,377.32977294921875,191.14999389648438
2023-03-23,156.5162353515625,27.16695213317871,378.349853515625,192.22000122070312
2023-03-24,157.8162078857422,26.75531578063965,380.83258056640625,190.41000366210938
2023-03-27,155.87612915039062,26.50753402709961,381.5447082519531,191.80999755859375
2023-03-28,155.2556915283203,26.386640548706055,380.688232421875,189.19000244140625
2023-03-29,158.32830810546875,26.960134506225586,386.22149658203125,193.8800048828125
2023-03-30,159.89414978027344,27.358779907226562,388.4829406738281,195.27999877929688
2023-03-31,162.39556884765625,27.752431869506836,393.95843505859375,207.4600067138672
2023-04-03,163.64630126953125,27.940265655517578,395.4596862792969,194.77000427246094
2023-04-04,163.11451721191406,27.428714752197266,393.2655944824219,192.5800018310547
2023-04-05,161.27288818359375,26.85722541809082,392.23590087890625,185.52000427246094
2023-04-06,162.15919494628906,27.013080596923828,393.7659606933594,185.05999755859375
2023-04-10,159.5691375732422,27.554609298706055,394.17010498046875,184.50999450683594
2023-04-11,158.3578338623047,27.144973754882812,394.2759704589844,186.7899932861328
2023-04-12,157.66848754882812,26.471567153930664,392.6689147949219,180.5399932861328
2023-04-13,163.04554748535156,26.439594268798828,397.8846435546875,185.89999389648438
2023-04-14,162.70086669921875,26.734333038330078,396.9126892089844,185.0
2023-04-17,162.72059631347656,26.978118896484375,398.3369445800781,187.0399932861328
2023-04-18,163.9417266845703,27.64253044128418,398.59674072265625,184.30999755859375
2023-04-19,165.08412170410156,27.90629768371582,398.5293884277344,180.58999633789062
2023-04-20,164.11900329589844,27.080028533935547,396.3545837402344,162.99000549316406
2023-04-21,162.5137481689453,27.095014572143555,396.6624450683594,165.0800018310547
2023-04-24,162.81903076171875,27.01807975769043,397.0762939453125,162.5500030517578
2023-04-25,161.28274536132812,26.217788696289062,390.773193359375,160.6699981689453
2023-04-26,161.27288818359375,26.932157516479492,389.11798095703125,153.75
2023-04-27,165.8522491455078,27.201919555664062,396.8646545410156,160.19000244140625
2023-04-28,167.1029510498047,27.72446060180664,400.2519226074219,164.30999755859375
2023-05-01,167.01434326171875,28.884431838989258,399.8478088378906,161.8300018310547
2023-05-02,165.9803009033203,28.18505096435547,395.3537292480469,160.30999755859375
2023-05-03,164.9068603515625,27.77741050720215,392.64007568359375,160.61000061035156
2023-05-04,163.2720489501953,27.53762435913086,389.85906982421875,161.1999969482422
2023-05-05,170.9339141845703,28.654634475708008,397.0762939453125,170.05999755859375
2023-05-08,170.86495971679688,29.12521743774414,397.18218994140625,171.7899932861328
2023-05-09,169.16123962402344,28.54572868347168,395.4403991699219,169.14999389648438
2023-05-10,170.92405700683594,28.859453201293945,397.28802490234375,168.5399932861328
2023-05-11,171.1111297607422,28.552724838256836,396.5951232910156,172.0800018310547
2023-05-12,170.18417358398438,28.314929962158203,396.0755310058594,167.97999572753906
2023-05-15,169.69107055664062,28.927391052246094,397.4419860839844,166.35000610351562
2023-05-16,169.69107055664062,29.187162399291992,394.7860107421875,166.52000427246094
2023-05-17,170.302490234375,30.15130615234375,399.5783386230469,173.86000061035156
2023-05-18,172.62985229492188,31.649978637695312,403.4275817871094,176.88999938964844
2023-05-19,172.7383575439453,31.23634910583496,402.8405456542969,180.13999938964844
2023-05-22,171.79161071777344,31.14842987060547,403.0041198730469,188.8699951171875
2023-05-23,169.1881103515625,30.660858154296875,398.48126220703125,185.77000427246094
2023-05-24,169.4642333984375,30.510986328125,395.5943908691406,182.89999389648438
2023-05-25,170.59837341308594,37.9464111328125,399.0201416015625,184.47000122070312
2023-05-26,173.00457763671875,38.91156005859375,404.187744140625,193.1699981689453
2023-05-30,174.84873962402344,40.07551956176758,404.3416748046875,201.16000366210938
2023-05-31,174.79945373535156,37.800537109375,402.099609375,203.92999267578125
2023-06-01,177.60018920898438,39.734825134277344,405.9198913574219,207.52000427246094
2023-06-02,178.4482879638672,39.29222106933594,411.78997802734375,213.97000122070312
2023-06-05,177.09722900390625,39.136356353759766,411.0008850097656,217.61000061035156
2023-06-06,176.73236083984375,38.61981201171875,411.89581298828125,221.30999755859375
2023-06-07,175.361572265625,37.44572067260742,410.4715576171875,224.57000732421875
2023-06-08,178.0735626220703,38.479915618896484,412.954345703125,234.86000061035156
2023-06-09,178.45816040039062,38.739723205566406,413.6953125,244.39999389648438
2023-06-12,181.24903869628906,39.4511604309082,417.4483642578125,249.8300018310547
2023-06-13,180.77566528320312,40.989959716796875,420.2004699707031,258.7099914550781
2023-06-14,181.4068145751953,42.963417053222656,420.700927734375,256.7900085449219
2023-06-15,183.43833923339844,42.619686126708984,425.9166564941406,255.89999389648438
2023-06-16,182.3634490966797,42.65864944458008,424.4658508300781,260.5400085449219
2023-06-20,182.4521484375,43.77378463745117,422.26361083984375,274.45001220703125
2023-06-21,181.4166717529297,43.011375427246094,420.10009765625,259.4599914550781
2023-06-22,184.4146728515625,42.991397857666016,421.6165466308594,264.6099853515625
2023-06-23,184.09906005859375,42.176029205322266,418.4291076660156,256.6000061035156
2023-06-26,182.7085723876953,40.60026550292969,416.7195129394531,241.0500030517578
2023-06-27,185.45997619628906,41.84328842163086,421.2881164550781,250.2100067138672
2023-06-28,186.63352966308594,41.08488082885742,421.5006408691406,256.239990234375
2023-06-29,186.96884155273438,40.79010772705078,423.1618957519531,257.5
2023-06-30,191.28829956054688,42.268959045410156,428.155517578125,261.7699890136719
2023-07-03,189.7991943359375,42.3798713684082,428.6481628417969,279.82000732421875
2023-07-05,188.68478393554688,42.28395080566406,428.0106506347656,282.4800109863281
2023-07-06,189.1581573486328,42.07011795043945,424.6590576171875,276.5400085449219
2023-07-07,188.04376220703125,42.46979904174805,423.5868835449219,274.42999267578125
2023-07-10,186.0023956298828,42.14706039428711,424.6590576171875,269.6099853515625
2023-07-11,185.47975158691406,42.37187957763672,427.363525390625,269.7900085449219
2023-07-12,187.1463623046875,43.867706298828125,430.80206298828125,271.989990234375
2023-07-13,187.9057159423828,45.94108963012695,434.2212829589844,277.8999938964844
2023-07-14,188.0536346435547,45.4334831237793,433.9507751464844,281.3800048828125
2023-07-17,191.3080291748047,46.424705505371094,435.45758056640625,290.3800048828125
2023-07-18,191.0515899658203,47.4568977355957,438.6932678222656,293.3399963378906
2023-07-19,192.4026641845703,47.040225982666016,439.6688537597656,291.260009765625
2023-07-20,190.45989990234375,45.48444747924805,436.7518310546875,262.8999938964844
2023-07-21,189.28639221191406,44.27438735961914,436.7518310546875,260.0199890136719
2023-07-24,190.08517456054688,44.57715606689453,438.7029113769531,269.05999755859375
2023-07-25,190.943115234375,45.6433219909668,439.900634765625,265.2799987792969
2023-07-26,191.81092834472656,45.416500091552734,439.96826171875,264.3500061035156
2023-07-27,190.5486297607422,45.86415100097656,437.0512390136719,255.7100067138672
2023-07-28,193.12257385253906,46.71348190307617,441.33013916015625,266.44000244140625
2023-07-31,193.7340087890625,46.69249725341797,442.17047119140625,267.42999267578125
2023-08-01,192.90562438964844,46.47067642211914,440.9051513671875,261.07000732421875
2023-08-02,189.91751098632812,44.23442077636719,434.7718200683594,254.11000061035156
2023-08-03,188.5270233154297,44.480228424072266,433.5258483886719,259.32000732421875
2023-08-04,179.47390747070312,44.64509582519531,431.5650939941406,253.86000061035156
2023-08-07,176.37734985351562,45.381526947021484,435.33203125,251.4499969482422
2023-08-08,177.31419372558594,44.62912368774414,433.4388732910156,249.6999969482422
2023-08-09,175.72647094726562,42.52075958251953,430.541259765625,242.19000244140625
2023-08-10,175.50946044921875,42.354896545410156,430.6957702636719,245.33999633789062
2023-08-11,175.56874084472656,40.823089599609375,430.44464111328125,242.64999389648438
2023-08-14,177.21788024902344,43.71882247924805,432.82073974609375,239.75999450683594
2023-08-15,175.2329864501953,43.90567398071289,427.7788391113281,232.9600067138672
2023-08-16,174.36398315429688,43.45203399658203,424.6396789550781,225.60000610351562
2023-08-17,171.8261260986328,43.310142517089844,421.4040222167969,219.22000122070312
2023-08-18,172.3100128173828,43.26518249511719,421.60687255859375,215.49000549316406
2023-08-21,173.6431121826172,46.93031692504883,424.3499755859375,231.27999877929688
2023-08-22,175.0157470703125,45.63232421875,423.2005310058594,233.19000244140625
2023-08-23,178.85711669921875,47.07920455932617,427.9140625,236.86000061035156
2023-08-24,174.17637634277344,47.126155853271484,421.98358154296875,230.0399932861328
2023-08-25,176.3784942626953,45.982059478759766,424.9584655761719,238.58999633789062
2023-08-28,177.9387664794922,46.79841613769531,427.6532897949219,238.82000732421875
2023-08-29,181.8196563720703,48.74589920043945,433.8349304199219,257.17999267578125
2023-08-30,185.30557250976562,49.22552490234375,435.62176513671875,256.8999938964844
2023-08-31,185.52279663085938,49.31645202636719,434.9842834472656,258.0799865722656
2023-09-01,187.09292602539062,48.47111511230469,435.79559326171875,245.00999450683594
2023-09-05,187.32994079589844,48.51008224487305,433.9122009277344,256.489990234375
2023-09-06,180.62478637695312,47.02811813354492,430.9952392578125,251.9199981689453
2023-09-07,175.34161376953125,46.20869445800781,429.6719970703125,251.49000549316406
2023-09-08,175.95384216308594,45.54015350341797,430.319091796875,248.5
2023-09-11,177.119140625,45.146427154541016,433.14910888671875,273.5799865722656
2023-09-12,174.0973663330078,44.838653564453125,430.7730712890625,267.4800109863281
2023-09-13,172.0334930419922,45.45322036743164,431.27532958984375,271.29998779296875
2023-09-14,173.54434204101562,45.54915237426758,434.99395751953125,276.0400085449219
2023-09-15,172.82347106933594,43.869319915771484,429.75299072265625,274.3900146484375
2023-09-18,175.7465057373047,43.935279846191406,430.0050354003906,265.2799987792969
2023-09-19,176.832763671875,43.489585876464844,429.11328125,266.5
2023-09-20,173.29747009277344,42.20948791503906,425.1683044433594,262.5899963378906
2023-09-21,171.75697326660156,40.988338470458984,418.1409912109375,255.6999969482422
2023-09-22,172.60621643066406,41.5809211730957,417.20074462890625,244.8800048828125
2023-09-25,173.88011169433594,42.1924934387207,418.9551696777344,246.99000549316406
2023-09-26,169.8115997314453,41.88172149658203,412.8001403808594,244.1199951171875
2023-09-27,168.30068969726562,42.438323974609375,412.9649658203125,240.5
2023-09-28,168.55743408203125,43.05889129638672,415.3591003417969,246.3800048828125
2023-09-29,169.07098388671875,43.46860885620117,414.3510437011719,250.22000122070312
2023-10-02,171.57919311523438,44.750709533691406,414.1862487792969,251.60000610351562
2023-10-03,170.24607849121094,43.48658752441406,408.6419677734375,246.52999877929688
2023-10-04,171.4903564453125,44.010231018066406,411.61767578125,261.1600036621094
2023-10-05,172.72474670410156,44.65677261352539,411.4625244140625,260.04998779296875
2023-10-06,175.27249145507812,45.73002624511719,416.3478088378906,260.5299987792969
2023-10-09,176.75376892089844,45.241363525390625,419.0132751464844,259.6700134277344
2023-10-10,176.16127014160156,45.76599884033203,421.1942138671875,263.6199951171875
2023-10-11,177.55364990234375,46.773292541503906,422.9195556640625,262.989990234375
2023-10-12,178.4522705078125,46.912193298339844,420.3411865234375,258.8699951171875
2023-10-13,176.6155242919922,45.42922592163086,418.24755859375,251.1199951171875
2023-10-16,176.4871368408203,46.06278991699219,422.6481628417969,253.9199981689453
2023-10-17,174.93675231933594,43.90729522705078,422.6287536621094,254.85000610351562
2023-10-18,173.6431121826172,42.1665153503418,416.99725341796875,242.67999267578125
2023-10-19,173.2678680419922,42.07158660888672,413.33331298828125,220.11000061035156
2023-10-20,170.72010803222656,41.35807418823242,408.25421142578125,211.99000549316406
2023-10-23,170.83859252929688,42.94497299194336,407.5466003417969,212.0800018310547
2023-10-24,171.27308654785156,43.63248825073242,410.6192626953125,216.52000427246094
2023-10-25,168.96234130859375,41.74980926513672,404.7259826660156,212.4199981689453
2023-10-26,164.80491638183594,40.297821044921875,399.87957763671875,205.75999450683594
2023-10-27,166.11831665039062,40.47169494628906,398.0670471191406,207.3000030517578
2023-10-30,168.16244506835938,41.13223648071289,402.826171875,197.36000061035156
2023-10-31,168.63641357421875,40.75149917602539,405.35601806640625,200.83999633789062
2023-11-01,171.79647827148438,42.29542922973633,409.6790466308594,205.66000366210938
2023-11-02,175.3514862060547,43.47559356689453,417.5303039550781,218.50999450683594
2023-11-03,174.44296264648438,44.97355270385742,421.339599609375,219.9600067138672
2023-11-06,176.99075317382812,45.719032287597656,422.30889892578125,219.27000427246094
2023-11-07,179.54840087890625,45.922889709472656,423.5108337402344,222.17999267578125
2023-11-08,180.6050262451172,46.541465759277344,423.82098388671875,222.11000061035156
2023-11-09,180.13099670410156,46.91719055175781,420.5157165527344,209.97999572753906
2023-11-10,184.31369018554688,48.301231384277344,427.0777282714844,214.64999389648438
2023-11-13,182.7316131591797,48.58602523803711,426.6706848144531,223.7100067138672
2023-11-14,185.342041015625,49.62130355834961,434.9483947753906,237.41000366210938
2023-11-15,185.90565490722656,48.85383987426758,435.8692321777344,242.83999633789062
2023-11-16,187.58665466308594,49.44542694091797,436.4023742675781,233.58999633789062
2023-11-17,187.56686401367188,49.263553619384766,436.94512939453125,234.3000030517578
2023-11-20,189.30714416503906,50.37377166748047,440.30853271484375,235.60000610351562
2023-11-21,188.50621032714844,49.90909957885742,439.3489685058594,241.1999969482422
2023-11-22,189.168701171875,48.68195343017578,441.0452575683594,234.2100067138672
2023-11-24,187.84373474121094,47.74262237548828,441.316650390625,235.4499969482422
2023-11-27,187.66575622558594,48.208290100097656,440.5218505859375,236.0800018310547
2023-11-28,188.26890563964844,47.7875862121582,440.9579772949219,246.72000122070312
2023-11-29,187.2504425048828,48.106361389160156,440.6477966308594,244.13999938964844
2023-11-30,187.82391357421875,46.73731994628906,442.3827819824219,240.0800018310547
2023-12-01,189.09950256347656,46.73231887817383,444.9999084472656,238.8300018310547
2023-12-04,187.3097686767578,45.47819519042969,442.6639099121094,235.5800018310547
2023-12-05,191.25511169433594,46.53756332397461,442.57672119140625,238.72000122070312
2023-12-06,190.16744995117188,45.475196838378906,440.7932434082031,239.3699951171875
2023-12-07,192.09559631347656,46.567527770996094,444.1566467285156,242.63999938964844
2023-12-08,193.51950073242188,47.47697830200195,446.0660705566406,243.83999633789062
2023-12-11,191.01780700683594,46.59851837158203,447.8011169433594,239.74000549316406
2023-12-12,192.5306854248047,47.62788772583008,449.8463439941406,237.00999450683594
2023-12-13,195.7443084716797,48.058624267578125,456.0497741699219,239.2899932861328
2023-12-14,195.8926239013672,48.32046127319336,457.5134582519531,251.0500030517578
2023-12-15,195.35865783691406,48.86013412475586,456.7601318359375,253.5
2023-12-18,193.69744873046875,50.04640579223633,459.32940673828125,252.0800018310547
2023-12-19,194.73568725585938,49.57369613647461,462.1225891113281,257.2200012207031
2023-12-20,192.6493377685547,48.081607818603516,455.71881103515625,247.13999938964844
2023-12-21,192.5009765625,48.9600715637207,460.03985595703125,254.5
2023-12-22,191.43309020996094,48.800174713134766,460.9643859863281,252.5399932861328
2023-12-26,190.88926696777344,49.2488899230957,462.9107971191406,256.6099853515625
2023-12-27,190.9881134033203,49.386810302734375,463.7478332519531,261.44000244140625
2023-12-28,191.413330078125,49.49174880981445,463.92303466796875,253.17999267578125
2023-12-29,190.3750762939453,49.49174880981445,462.5799865722656,248.47999572753906
