date,subreddit,posts,total_score,avg_comments
2017-03-07,Bitcoin,1,23646,1940.0
2017-05-21,ethtrader,1,3379,689.0
2017-05-22,ethtrader,1,4036,10045.0
2017-06-11,ethtrader,1,7456,368.0
2017-06-14,ethtrader,1,2930,7985.0
2017-07-12,Bitcoin,1,17117,899.0
2017-08-06,ethtrader,1,4034,179.0
2017-08-13,Bitcoin,1,21859,1226.0
2017-08-15,Bitcoin,1,13192,629.0
2017-08-17,ethtrader,1,4139,158.0
2017-10-12,Bitcoin,1,13884,2047.0
2017-10-13,Bitcoin,1,18970,2241.0
2017-11-04,Bitcoin,1,22191,1237.0
2017-11-05,ethtrader,1,3049,101.0
2017-11-16,Bitcoin,1,19769,481.0
2017-11-18,Bitcoin,1,26956,874.0
2017-11-19,Bitcoin,1,14234,476.0
2017-11-20,Bitcoin,1,12074,552.0
2017-11-23,Bitcoin,1,11854,534.0
2017-11-24,Bitcoin,1,11330,525.0
2017-11-25,ethtrader,1,3199,184.0
2017-11-26,Bitcoin,1,42453,3054.0
2017-11-27,Bitcoin,1,12873,1529.0
2017-11-29,Bitcoin,2,71677,2589.0
2017-11-30,Bitcoin,3,64058,1201.0
2017-12-02,Bitcoin,1,21506,549.0
2017-12-08,Bitcoin,1,13950,1556.0
2017-12-13,Bitcoin,2,48119,2023.0
2017-12-14,Bitcoin,1,20156,983.0
2017-12-14,ethtrader,1,3015,336.0
2017-12-19,Bitcoin,1,18708,1657.0
2017-12-22,Bitcoin,2,35181,1325.0
2017-12-23,Bitcoin,1,22669,934.0
2017-12-24,Bitcoin,1,11770,703.0
2017-12-24,ethtrader,1,16622,409.0
2017-12-25,Bitcoin,1,12264,192.0
2017-12-27,Bitcoin,1,22423,888.0
2018-01-02,ethtrader,1,2992,487.0
2018-01-03,Bitcoin,1,11613,433.0
2018-01-04,ethtrader,1,3510,404.0
2018-01-05,Bitcoin,1,16355,937.0
2018-01-06,Bitcoin,1,42084,757.0
2018-01-07,Bitcoin,1,14627,2047.0
2018-01-08,ethtrader,1,3214,191.0
2018-01-12,ethtrader,1,3614,141.0
2018-01-13,ethtrader,1,2949,259.0
2018-01-16,Bitcoin,1,11635,2450.0
2018-01-16,CryptoCurrency,1,18478,311.0
2018-01-16,ethtrader,2,16134,266.5
2018-01-17,CryptoCurrency,2,41100,1928.5
2018-01-18,CryptoCurrency,1,17886,1255.0
2018-01-18,ethtrader,1,4639,276.0
2018-01-25,Bitcoin,1,12047,859.0
2018-01-25,CryptoCurrency,1,19965,3779.0
2018-01-26,Bitcoin,1,16122,325.0
2018-01-29,Bitcoin,1,12655,1495.0
2018-01-30,Bitcoin,1,15218,403.0
2018-02-03,Bitcoin,1,13840,535.0
2018-02-04,Bitcoin,1,48529,759.0
2018-02-05,CryptoCurrency,1,20147,1414.0
2018-02-09,Bitcoin,1,14270,300.0
2018-02-12,Bitcoin,1,12485,713.0
2018-02-17,Bitcoin,1,26335,1437.0
2018-02-24,Bitcoin,1,12330,347.0
2018-02-28,CryptoCurrency,1,19631,1067.0
2018-03-03,Bitcoin,1,14828,633.0
2018-04-18,Bitcoin,1,23097,305.0
2018-05-01,Bitcoin,1,14805,440.0
2018-05-28,Bitcoin,1,16904,418.0
2018-07-13,Bitcoin,1,11922,177.0
2018-08-05,Bitcoin,1,11437,168.0
2018-08-06,Bitcoin,1,21164,596.0
2018-08-20,Bitcoin,1,18010,734.0
2018-10-08,Bitcoin,1,15051,250.0
2018-11-29,Bitcoin,1,12386,207.0
2018-12-07,Bitcoin,1,26794,346.0
2018-12-10,Bitcoin,1,16665,339.0
2019-06-18,CryptoCurrency,1,14643,1245.0
2019-07-24,Bitcoin,1,36864,563.0
2021-01-03,Bitcoin,1,22651,1344.0
2021-01-07,Bitcoin,1,13375,655.0
2021-01-23,Bitcoin,1,22250,689.0
2021-01-28,Bitcoin,1,39998,1534.0
2021-01-28,CryptoCurrency,2,34709,934.5
2021-01-28,ethtrader,2,7138,359.0
2021-01-29,Bitcoin,1,11622,960.0
2021-01-30,Bitcoin,1,16945,1638.0
2021-01-31,ethtrader,1,5164,278.0
2021-02-01,Bitcoin,1,11655,787.0
2021-02-01,ethtrader,1,6429,222.0
2021-02-04,ethtrader,1,4907,278.0
2021-02-05,ethtrader,1,3896,161.0
2021-02-07,CryptoCurrency,1,17586,2646.0
2021-02-08,Bitcoin,2,59212,1812.5
2021-02-08,CryptoCurrency,1,18999,2128.0
2021-02-09,CryptoCurrency,2,43000,1418.5
2021-02-11,CryptoCurrency,1,15087,834.0
2021-02-12,ethtrader,1,3039,81.0
2021-02-17,CryptoCurrency,1,20114,1954.0
2021-02-18,Bitcoin,1,13828,3459.0
2021-02-21,Bitcoin,1,18999,444.0
2021-02-22,Bitcoin,1,11574,448.0
2021-02-23,Bitcoin,1,21537,1056.0
2021-02-23,CryptoCurrency,1,17805,1391.0
2021-02-25,CryptoCurrency,1,17034,1510.0
2021-03-03,Bitcoin,1,11486,486.0
2021-03-13,Bitcoin,1,17307,777.0
2021-03-17,Bitcoin,1,11250,946.0
2021-03-20,Bitcoin,1,12301,690.0
2021-03-24,Bitcoin,1,11936,785.0
2021-03-30,CryptoCurrency,1,19705,1139.0
2021-04-07,ethtrader,1,3518,1134.0
2021-04-09,CryptoCurrency,1,36957,2972.0
2021-04-12,ethtrader,1,3282,267.0
2021-04-13,ethtrader,1,3795,532.0
2021-04-17,Bitcoin,1,12183,723.0
2021-04-17,ethtrader,1,3168,144.0
2021-04-18,ethtrader,2,6215,149.0
2021-04-19,CryptoCurrency,1,17540,1572.0
2021-04-23,CryptoCurrency,1,20840,3232.0
2021-04-24,CryptoCurrency,1,15530,1101.0
2021-04-25,ethtrader,1,3133,442.0
2021-04-28,ethtrader,1,3634,176.0
2021-04-29,ethtrader,1,3134,276.0
2021-04-30,CryptoCurrency,1,20946,1718.0
2021-05-03,CryptoCurrency,2,44561,254.5
2021-05-03,ethtrader,2,8408,316.0
2021-05-04,ethtrader,2,7309,359.5
2021-05-06,CryptoCurrency,2,31931,2575.5
2021-05-08,CryptoCurrency,1,53907,4424.0
2021-05-09,CryptoCurrency,1,20320,1518.0
2021-05-09,ethtrader,2,7960,226.5
2021-05-10,CryptoCurrency,1,20340,2454.0
2021-05-10,ethtrader,1,3806,241.0
2021-05-11,ethtrader,1,4088,322.0
2021-05-12,CryptoCurrency,1,27283,6077.0
2021-05-12,ethtrader,1,5018,607.0
2021-05-13,Bitcoin,1,12863,543.0
2021-05-13,CryptoCurrency,1,19545,1413.0
2021-05-13,ethtrader,3,11418,529.0
2021-05-14,CryptoCurrency,2,56328,1734.5
2021-05-14,ethtrader,2,5993,399.5
2021-05-15,ethtrader,1,9181,720.0
2021-05-16,Bitcoin,1,16852,2939.0
2021-05-16,CryptoCurrency,1,16842,3500.0
2021-05-16,ethtrader,1,3745,395.0
2021-05-17,Bitcoin,1,12544,1052.0
2021-05-18,CryptoCurrency,1,17607,1226.0
2021-05-18,ethtrader,1,3222,521.0
2021-05-19,Bitcoin,1,24536,1154.0
2021-05-19,CryptoCurrency,1,17154,1758.0
2021-05-19,ethtrader,3,12981,275.6666666666667
2021-05-20,CryptoCurrency,1,28778,2302.0
2021-05-20,ethtrader,2,8565,430.5
2021-05-21,Bitcoin,1,11335,547.0
2021-05-21,CryptoCurrency,1,15687,1794.0
2021-05-21,ethtrader,2,8994,474.0
2021-05-22,CryptoCurrency,2,31803,1762.0
2021-05-23,CryptoCurrency,1,17805,2334.0
2021-05-23,ethtrader,1,5600,299.0
2021-05-24,CryptoCurrency,2,32608,943.0
2021-05-25,CryptoCurrency,1,18574,1696.0
2021-05-25,ethtrader,1,7658,293.0
2021-05-27,ethtrader,1,4059,286.0
2021-05-30,ethtrader,1,3340,172.0
2021-05-31,ethtrader,1,6780,251.0
2021-06-01,ethtrader,1,3658,119.0
2021-06-04,ethtrader,2,7398,329.0
2021-06-05,Bitcoin,1,14442,1038.0
2021-06-05,CryptoCurrency,1,18215,1675.0
2021-06-05,ethtrader,1,5047,280.0
2021-06-06,ethtrader,2,7192,366.0
2021-06-07,CryptoCurrency,1,18777,1957.0
2021-06-07,ethtrader,1,3542,281.0
2021-06-08,CryptoCurrency,1,17239,1190.0
2021-06-08,ethtrader,2,7291,151.0
2021-06-09,Bitcoin,1,16075,1737.0
2021-06-09,ethtrader,2,6260,162.0
2021-06-10,CryptoCurrency,1,18720,1794.0
2021-06-10,ethtrader,1,3401,261.0
2021-06-13,CryptoCurrency,1,15878,2619.0
2021-06-14,CryptoCurrency,1,19818,1302.0
2021-06-14,ethtrader,1,3341,174.0
2021-06-16,Bitcoin,1,12868,569.0
2021-06-17,ethtrader,1,3308,248.0
2021-06-18,Bitcoin,1,11772,412.0
2021-06-19,ethtrader,1,5196,367.0
2021-06-20,ethtrader,2,7934,440.0
2021-06-22,Bitcoin,1,21619,2550.0
2021-06-23,CryptoCurrency,1,21823,2817.0
2021-06-25,CryptoCurrency,1,20896,599.0
2021-06-26,ethtrader,1,3192,118.0
2021-07-04,CryptoCurrency,1,18810,1909.0
2021-07-05,CryptoCurrency,1,15570,976.0
2021-07-08,ethtrader,1,3439,187.0
2021-07-11,CryptoCurrency,1,19885,2519.0
2021-07-13,ethtrader,1,3318,161.0
2021-07-22,ethtrader,1,3601,277.0
2021-08-10,ethtrader,2,6114,481.0
2021-08-13,CryptoCurrency,1,25875,1955.0
2021-08-15,CryptoCurrency,1,15978,2138.0
2021-08-17,ethtrader,1,3071,246.0
2021-09-06,CryptoCurrency,1,15163,5129.0
2021-09-08,ethtrader,1,3318,371.0
2021-09-14,CryptoCurrency,1,15310,4381.0
2021-09-26,CryptoCurrency,1,25867,1145.0
2021-10-05,CryptoCurrency,1,16594,2198.0
2021-10-11,CryptoCurrency,1,20390,1463.0
2021-10-13,CryptoCurrency,1,16421,1413.0
2021-10-14,CryptoCurrency,1,17232,2450.0
2021-10-17,CryptoCurrency,1,14967,3155.0
2021-11-01,CryptoCurrency,1,24101,4452.0
2021-11-05,CryptoCurrency,1,15219,2080.0
2021-11-07,CryptoCurrency,1,14867,3441.0
2021-11-25,ethtrader,1,2914,409.0
2021-11-26,ethtrader,1,3066,1258.0
2021-11-30,CryptoCurrency,1,16961,1767.0
2021-12-05,CryptoCurrency,1,18370,5531.0
2021-12-07,CryptoCurrency,1,38848,5447.0
2021-12-07,ethtrader,1,11276,911.0
2021-12-19,CryptoCurrency,1,24350,2580.0
2021-12-21,CryptoCurrency,1,17085,1582.0
2021-12-28,Bitcoin,1,18822,532.0
2021-12-31,ethtrader,1,5496,1200.0
2022-01-09,ethtrader,1,4212,517.0
2022-01-11,CryptoCurrency,1,14684,1785.0
2022-01-20,CryptoCurrency,1,17401,3412.0
2022-02-02,CryptoCurrency,1,25806,5677.0
2022-02-27,Bitcoin,1,24678,1508.0
2022-02-28,CryptoCurrency,1,31123,2254.0
2022-03-05,CryptoCurrency,1,18151,1429.0
2022-03-09,ethtrader,1,3865,475.0
2022-03-12,CryptoCurrency,1,21139,1576.0
2022-03-28,CryptoCurrency,1,21293,2405.0
2022-04-07,CryptoCurrency,1,14810,2685.0
2022-04-13,CryptoCurrency,1,19552,1818.0
2022-04-26,Bitcoin,1,13309,800.0
2022-06-16,CryptoCurrency,1,19112,1369.0
2022-06-18,CryptoCurrency,1,15714,2649.0
2022-08-30,CryptoCurrency,1,14537,1942.0
2022-12-02,ethtrader,1,3551,139.0
2022-12-12,CryptoCurrency,1,19014,2825.0
2024-08-28,CryptoCurrency,1,21202,2592.0
2024-11-21,Bitcoin,1,11471,992.0
2024-12-05,Bitcoin,2,92994,2234.5
2024-12-05,CryptoCurrency,1,28114,4931.0
2024-12-07,CryptoCurrency,1,20178,1770.0
2024-12-10,Bitcoin,1,12166,743.0
2024-12-30,Bitcoin,1,48244,1800.0
2025-01-19,CryptoCurrency,1,16501,2145.0
2025-01-19,ethtrader,1,5159,201.0
2025-01-20,CryptoCurrency,1,18461,1285.0
2025-01-30,Bitcoin,1,19210,967.0
2025-02-04,CryptoCurrency,1,16973,2794.0
2025-02-08,ethtrader,1,3295,131.0
2025-02-09,Bitcoin,1,13992,396.0
2025-02-15,CryptoCurrency,1,20455,353.0
2025-02-17,CryptoCurrency,1,23492,1697.0
2025-03-15,ethtrader,1,4254,325.0
2025-06-04,CryptoCurrency,1,56137,902.0
2025-07-04,CryptoCurrency,1,38685,1878.0
2025-10-11,CryptoCurrency,1,55056,1205.0
2025-10-25,Bitcoin,1,18103,1913.0
2025-12-15,ethtrader,1,4175,127.0
2026-01-13,CryptoCurrency,1,16405,828.0
2026-02-13,ethtrader,1,3712,75.0
